16:39:25.775 [AWT-EventQueue-0] INFO  com.gsmart.GSmartGui - Carregando configurações salvas...
16:39:25.780 [AWT-EventQueue-0] INFO  com.gsmart.config.ConfigManager - Arquivo de configuração 'gsmart.properties' carregado com sucesso.
16:39:38.885 [SwingWorker-pool-1-thread-1] INFO  c.gsmart.sources.ThingsBoardSource - Autenticando no ThingsBoard em http://10.8.0.5:8080...
16:39:39.645 [SwingWorker-pool-1-thread-1] INFO  c.gsmart.sources.ThingsBoardSource - Autenticação bem-sucedida!
16:39:39.686 [SwingWorker-pool-1-thread-2] INFO  c.gsmart.sources.ThingsBoardSource - Autenticando no ThingsBoard em http://10.8.0.5:8080...
16:39:39.992 [SwingWorker-pool-1-thread-2] INFO  c.gsmart.sources.ThingsBoardSource - Autenticação bem-sucedida!
16:39:39.992 [SwingWorker-pool-1-thread-2] INFO  c.gsmart.sources.ThingsBoardSource - Buscando perfis de dispositivo...
16:39:40.109 [SwingWorker-pool-1-thread-2] INFO  c.gsmart.sources.ThingsBoardSource - Encontrados 2 perfis de dispositivo.
16:39:40.151 [SwingWorker-pool-1-thread-3] INFO  c.gsmart.sources.ThingsBoardSource - Autenticando no ThingsBoard em http://10.8.0.5:8080...
16:39:40.533 [SwingWorker-pool-1-thread-3] INFO  c.gsmart.sources.ThingsBoardSource - Autenticação bem-sucedida!
16:39:40.533 [SwingWorker-pool-1-thread-3] INFO  c.gsmart.sources.ThingsBoardSource - Buscando dispositivos para o perfil ID: fad253d0-e880-11ee-8358-1f8b80ee0580
16:39:40.649 [SwingWorker-pool-1-thread-3] INFO  c.gsmart.sources.ThingsBoardSource - Encontrados 7 dispositivos.
16:39:42.392 [SwingWorker-pool-1-thread-4] INFO  c.gsmart.sources.ThingsBoardSource - Autenticando no ThingsBoard em http://10.8.0.5:8080...
16:39:42.654 [SwingWorker-pool-1-thread-4] INFO  c.gsmart.sources.ThingsBoardSource - Autenticação bem-sucedida!
16:39:42.786 [AWT-EventQueue-0] INFO  com.gsmart.GSmartGui - Lógica de negócio temporariamente desativada por padrão.
16:39:53.159 [AWT-EventQueue-0] INFO  c.gsmart.sources.ThingsBoardSource - Autenticando no ThingsBoard em http://10.8.0.5:8080...
16:39:53.461 [AWT-EventQueue-0] INFO  c.gsmart.sources.ThingsBoardSource - Autenticação bem-sucedida!
16:39:53.467 [AWT-EventQueue-0] INFO  com.gsmart.pipeline.PipelineManager - Recebida ordem para lançar pipeline: ThingsBoard (Device: 06e109e0-e8ff-11ee-bb8b-2563c61db9b0)
16:39:53.497 [AWT-EventQueue-0] INFO  com.gsmart.pipeline.PipelineManager - Pipeline para 'ThingsBoard (Device: 06e109e0-e8ff-11ee-bb8b-2563c61db9b0)' iniciada em segundo plano.
16:39:53.497 [Thread-0] INFO  com.gsmart.pipeline.DataPipeline - 🚀 INICIANDO PIPELINE GENÉRICA COM FONTE: ThingsBoard (Device: 06e109e0-e8ff-11ee-bb8b-2563c61db9b0) 🚀
16:39:53.502 [Thread-0] INFO  com.gsmart.pipeline.DataPipeline - Execução da lógica de negócio: DESATIVADA
16:39:53.503 [Thread-0] INFO  com.gsmart.pipeline.DataPipeline - --- Iniciando novo ciclo de processamento em 2025-07-02T16:39:53.5022672-03:00 ---
16:39:53.503 [Thread-0] INFO  com.gsmart.pipeline.DataPipeline - [ETAPA 1/3] Buscando dados da fonte...
16:40:02.047 [Thread-0] INFO  com.gsmart.pipeline.DataPipeline - --- Iniciando novo ciclo de processamento em 2025-07-02T16:40:02.0472544-03:00 ---
16:40:02.047 [Thread-0] INFO  com.gsmart.pipeline.DataPipeline - [ETAPA 1/3] Buscando dados da fonte...
16:40:08.016 [Thread-0] INFO  com.gsmart.pipeline.DataPipeline - --- Iniciando novo ciclo de processamento em 2025-07-02T16:40:08.0162521-03:00 ---
16:40:08.016 [Thread-0] INFO  com.gsmart.pipeline.DataPipeline - [ETAPA 1/3] Buscando dados da fonte...
16:40:18.040 [Thread-0] ERROR com.gsmart.pipeline.DataPipeline - Falha na pipeline: Connect timed out
16:40:18.040 [Thread-0] INFO  c.gsmart.sources.ThingsBoardSource - Token de autenticação do ThingsBoard foi limpo devido a uma falha de conexão.
16:40:18.042 [Thread-0] INFO  ReconnectionLogger - CONEXÃO PERDIDA - Pipeline: ThingsBoard (Device: 06e109e0-e8ff-11ee-bb8b-2563c61db9b0)
16:40:23.044 [Thread-0] INFO  com.gsmart.pipeline.DataPipeline - Tentando reconectar...
16:40:23.044 [Thread-0] INFO  c.gsmart.sources.ThingsBoardSource - Autenticando no ThingsBoard em http://10.8.0.5:8080...
16:40:33.050 [Thread-0] ERROR com.gsmart.pipeline.DataPipeline - Tentativa de reconexão falhou: Connect timed out
16:40:33.050 [Thread-0] INFO  ReconnectionLogger - CONEXÃO PERDIDA - Pipeline: ThingsBoard (Device: 06e109e0-e8ff-11ee-bb8b-2563c61db9b0)
16:40:43.054 [Thread-0] INFO  com.gsmart.pipeline.DataPipeline - Tentando reconectar...
16:40:43.054 [Thread-0] INFO  c.gsmart.sources.ThingsBoardSource - Autenticando no ThingsBoard em http://10.8.0.5:8080...
16:40:53.057 [Thread-0] ERROR com.gsmart.pipeline.DataPipeline - Tentativa de reconexão falhou: Connect timed out
16:40:53.057 [Thread-0] INFO  ReconnectionLogger - CONEXÃO PERDIDA - Pipeline: ThingsBoard (Device: 06e109e0-e8ff-11ee-bb8b-2563c61db9b0)
16:41:08.059 [Thread-0] INFO  com.gsmart.pipeline.DataPipeline - Tentando reconectar...
16:41:08.059 [Thread-0] INFO  c.gsmart.sources.ThingsBoardSource - Autenticando no ThingsBoard em http://10.8.0.5:8080...
16:41:18.062 [Thread-0] ERROR com.gsmart.pipeline.DataPipeline - Tentativa de reconexão falhou: Connect timed out
16:41:18.062 [Thread-0] INFO  ReconnectionLogger - CONEXÃO PERDIDA - Pipeline: ThingsBoard (Device: 06e109e0-e8ff-11ee-bb8b-2563c61db9b0)
16:41:38.063 [Thread-0] INFO  com.gsmart.pipeline.DataPipeline - Tentando reconectar...
16:41:38.063 [Thread-0] INFO  c.gsmart.sources.ThingsBoardSource - Autenticando no ThingsBoard em http://10.8.0.5:8080...
16:41:48.065 [Thread-0] ERROR com.gsmart.pipeline.DataPipeline - Tentativa de reconexão falhou: Connect timed out
16:41:48.065 [Thread-0] INFO  ReconnectionLogger - CONEXÃO PERDIDA - Pipeline: ThingsBoard (Device: 06e109e0-e8ff-11ee-bb8b-2563c61db9b0)
16:42:13.074 [Thread-0] INFO  com.gsmart.pipeline.DataPipeline - Tentando reconectar...
16:42:13.074 [Thread-0] INFO  c.gsmart.sources.ThingsBoardSource - Autenticando no ThingsBoard em http://10.8.0.5:8080...
16:42:17.181 [AWT-EventQueue-0] INFO  com.gsmart.pipeline.DataPipeline - Comando de parada processado para a tarefa 'ThingsBoard (Device: 06e109e0-e8ff-11ee-bb8b-2563c61db9b0)'.
16:42:19.395 [AWT-EventQueue-0] INFO  com.gsmart.GSmartGui - Salvando configurações antes de fechar...
16:42:19.397 [AWT-EventQueue-0] INFO  com.gsmart.config.ConfigManager - Configurações salvas com sucesso no arquivo 'gsmart.properties'.
16:44:09.639 [AWT-EventQueue-0] INFO  com.gsmart.GSmartGui - Carregando configurações salvas...
16:44:09.644 [AWT-EventQueue-0] INFO  com.gsmart.config.ConfigManager - Arquivo de configuração 'gsmart.properties' carregado com sucesso.
16:44:18.159 [SwingWorker-pool-1-thread-1] INFO  c.gsmart.sources.ThingsBoardSource - Autenticando no ThingsBoard em http://10.8.0.5:8080...
16:44:18.457 [SwingWorker-pool-1-thread-1] ERROR c.gsmart.sources.ThingsBoardSource - Falha no teste de conexão com o ThingsBoard: No route to host: getsockopt
16:44:19.897 [SwingWorker-pool-1-thread-2] INFO  c.gsmart.sources.ThingsBoardSource - Autenticando no ThingsBoard em http://10.8.0.5:8080...
16:44:20.629 [SwingWorker-pool-1-thread-2] INFO  c.gsmart.sources.ThingsBoardSource - Autenticação bem-sucedida!
16:44:20.669 [SwingWorker-pool-1-thread-3] INFO  c.gsmart.sources.ThingsBoardSource - Autenticando no ThingsBoard em http://10.8.0.5:8080...
16:44:20.960 [SwingWorker-pool-1-thread-3] INFO  c.gsmart.sources.ThingsBoardSource - Autenticação bem-sucedida!
16:44:20.960 [SwingWorker-pool-1-thread-3] INFO  c.gsmart.sources.ThingsBoardSource - Buscando perfis de dispositivo...
16:44:21.082 [SwingWorker-pool-1-thread-3] INFO  c.gsmart.sources.ThingsBoardSource - Encontrados 2 perfis de dispositivo.
16:44:21.126 [SwingWorker-pool-1-thread-4] INFO  c.gsmart.sources.ThingsBoardSource - Autenticando no ThingsBoard em http://10.8.0.5:8080...
16:44:21.475 [SwingWorker-pool-1-thread-4] INFO  c.gsmart.sources.ThingsBoardSource - Autenticação bem-sucedida!
16:44:21.476 [SwingWorker-pool-1-thread-4] INFO  c.gsmart.sources.ThingsBoardSource - Buscando dispositivos para o perfil ID: fad253d0-e880-11ee-8358-1f8b80ee0580
16:44:21.634 [SwingWorker-pool-1-thread-4] INFO  c.gsmart.sources.ThingsBoardSource - Encontrados 7 dispositivos.
16:44:22.219 [SwingWorker-pool-1-thread-5] INFO  c.gsmart.sources.ThingsBoardSource - Autenticando no ThingsBoard em http://10.8.0.5:8080...
16:44:22.487 [SwingWorker-pool-1-thread-5] INFO  c.gsmart.sources.ThingsBoardSource - Autenticação bem-sucedida!
16:44:22.616 [AWT-EventQueue-0] INFO  com.gsmart.GSmartGui - Lógica de negócio temporariamente desativada por padrão.
16:44:26.552 [AWT-EventQueue-0] INFO  c.gsmart.sources.ThingsBoardSource - Autenticando no ThingsBoard em http://10.8.0.5:8080...
16:44:26.808 [AWT-EventQueue-0] INFO  c.gsmart.sources.ThingsBoardSource - Autenticação bem-sucedida!
16:44:26.815 [AWT-EventQueue-0] INFO  com.gsmart.pipeline.PipelineManager - Recebida ordem para lançar pipeline: ThingsBoard (Device: 06e109e0-e8ff-11ee-bb8b-2563c61db9b0)
16:44:26.850 [AWT-EventQueue-0] INFO  com.gsmart.pipeline.PipelineManager - Pipeline para 'ThingsBoard (Device: 06e109e0-e8ff-11ee-bb8b-2563c61db9b0)' iniciada em segundo plano.
16:44:26.851 [Thread-0] INFO  com.gsmart.pipeline.DataPipeline - 🚀 INICIANDO PIPELINE GENÉRICA COM FONTE: ThingsBoard (Device: 06e109e0-e8ff-11ee-bb8b-2563c61db9b0) 🚀
16:44:26.857 [Thread-0] INFO  com.gsmart.pipeline.DataPipeline - Execução da lógica de negócio: DESATIVADA
16:44:26.858 [Thread-0] INFO  com.gsmart.pipeline.DataPipeline - --- Iniciando novo ciclo de processamento em 2025-07-02T16:44:26.8581099-03:00 ---
16:44:26.859 [Thread-0] INFO  com.gsmart.pipeline.DataPipeline - [ETAPA 1/3] Buscando dados da fonte...
16:44:33.566 [Thread-0] INFO  com.gsmart.pipeline.DataPipeline - --- Iniciando novo ciclo de processamento em 2025-07-02T16:44:33.5668418-03:00 ---
16:44:33.566 [Thread-0] INFO  com.gsmart.pipeline.DataPipeline - [ETAPA 1/3] Buscando dados da fonte...
16:44:39.117 [Thread-0] INFO  com.gsmart.pipeline.DataPipeline - --- Iniciando novo ciclo de processamento em 2025-07-02T16:44:39.1178527-03:00 ---
16:44:39.117 [Thread-0] INFO  com.gsmart.pipeline.DataPipeline - [ETAPA 1/3] Buscando dados da fonte...
16:44:44.652 [Thread-0] INFO  com.gsmart.pipeline.DataPipeline - --- Iniciando novo ciclo de processamento em 2025-07-02T16:44:44.6528553-03:00 ---
16:44:44.652 [Thread-0] INFO  com.gsmart.pipeline.DataPipeline - [ETAPA 1/3] Buscando dados da fonte...
16:44:54.676 [Thread-0] ERROR com.gsmart.pipeline.DataPipeline - Falha na pipeline: Connect timed out
16:44:54.677 [Thread-0] INFO  c.gsmart.sources.ThingsBoardSource - Token de autenticação do ThingsBoard foi limpo devido a uma falha de conexão.
16:44:54.685 [Thread-0] INFO  ReconnectionLogger - CONEXÃO PERDIDA - Pipeline: ThingsBoard (Device: 06e109e0-e8ff-11ee-bb8b-2563c61db9b0)
16:44:59.688 [Thread-0] INFO  com.gsmart.pipeline.DataPipeline - Tentando reconectar...
16:44:59.688 [Thread-0] INFO  c.gsmart.sources.ThingsBoardSource - Autenticando no ThingsBoard em http://10.8.0.5:8080...
16:45:09.412 [AWT-EventQueue-0] INFO  com.gsmart.pipeline.DataPipeline - Sinal de reconexão manual recebido.
16:45:09.691 [Thread-0] ERROR com.gsmart.pipeline.DataPipeline - Tentativa de reconexão falhou: Connect timed out
16:45:09.691 [Thread-0] INFO  ReconnectionLogger - CONEXÃO PERDIDA - Pipeline: ThingsBoard (Device: 06e109e0-e8ff-11ee-bb8b-2563c61db9b0)
16:45:09.691 [Thread-0] INFO  com.gsmart.pipeline.DataPipeline - Iniciando tentativa de reconexão manual imediata...
16:45:09.692 [Thread-0] INFO  com.gsmart.pipeline.DataPipeline - Tentando reconectar...
16:45:09.692 [Thread-0] INFO  c.gsmart.sources.ThingsBoardSource - Autenticando no ThingsBoard em http://10.8.0.5:8080...
16:45:19.693 [Thread-0] ERROR com.gsmart.pipeline.DataPipeline - Tentativa de reconexão falhou: Connect timed out
16:45:19.693 [Thread-0] INFO  ReconnectionLogger - CONEXÃO PERDIDA - Pipeline: ThingsBoard (Device: 06e109e0-e8ff-11ee-bb8b-2563c61db9b0)
16:45:23.044 [AWT-EventQueue-0] INFO  com.gsmart.pipeline.DataPipeline - Sinal de reconexão manual recebido.
16:45:24.698 [Thread-0] INFO  com.gsmart.pipeline.DataPipeline - Tentando reconectar...
16:45:24.698 [Thread-0] INFO  c.gsmart.sources.ThingsBoardSource - Autenticando no ThingsBoard em http://10.8.0.5:8080...
16:45:34.701 [Thread-0] ERROR com.gsmart.pipeline.DataPipeline - Tentativa de reconexão falhou: Connect timed out
16:45:34.702 [Thread-0] INFO  ReconnectionLogger - CONEXÃO PERDIDA - Pipeline: ThingsBoard (Device: 06e109e0-e8ff-11ee-bb8b-2563c61db9b0)
16:45:34.702 [Thread-0] INFO  com.gsmart.pipeline.DataPipeline - Iniciando tentativa de reconexão manual imediata...
16:45:34.702 [Thread-0] INFO  com.gsmart.pipeline.DataPipeline - Tentando reconectar...
16:45:34.702 [Thread-0] INFO  c.gsmart.sources.ThingsBoardSource - Autenticando no ThingsBoard em http://10.8.0.5:8080...
16:45:44.704 [Thread-0] ERROR com.gsmart.pipeline.DataPipeline - Tentativa de reconexão falhou: Connect timed out
16:45:44.704 [Thread-0] INFO  ReconnectionLogger - CONEXÃO PERDIDA - Pipeline: ThingsBoard (Device: 06e109e0-e8ff-11ee-bb8b-2563c61db9b0)
16:45:49.706 [Thread-0] INFO  com.gsmart.pipeline.DataPipeline - Tentando reconectar...
16:45:49.706 [Thread-0] INFO  c.gsmart.sources.ThingsBoardSource - Autenticando no ThingsBoard em http://10.8.0.5:8080...
16:45:59.710 [Thread-0] ERROR com.gsmart.pipeline.DataPipeline - Tentativa de reconexão falhou: Connect timed out
16:45:59.710 [Thread-0] INFO  ReconnectionLogger - CONEXÃO PERDIDA - Pipeline: ThingsBoard (Device: 06e109e0-e8ff-11ee-bb8b-2563c61db9b0)
16:46:09.712 [Thread-0] INFO  com.gsmart.pipeline.DataPipeline - Tentando reconectar...
16:46:09.712 [Thread-0] INFO  c.gsmart.sources.ThingsBoardSource - Autenticando no ThingsBoard em http://10.8.0.5:8080...
16:46:10.049 [Thread-0] INFO  c.gsmart.sources.ThingsBoardSource - Autenticação bem-sucedida!
16:46:10.146 [Thread-0] INFO  ReconnectionLogger - CONEXÃO RESTABELECIDA - Pipeline: ThingsBoard (Device: 06e109e0-e8ff-11ee-bb8b-2563c61db9b0)
16:46:10.147 [Thread-0] INFO  com.gsmart.pipeline.DataPipeline - Conexão restaurada. Retomando operação normal.
16:46:10.147 [Thread-0] INFO  com.gsmart.pipeline.DataPipeline - --- Iniciando novo ciclo de processamento em 2025-07-02T16:46:10.147726-03:00 ---
16:46:10.148 [Thread-0] INFO  com.gsmart.pipeline.DataPipeline - [ETAPA 1/3] Buscando dados da fonte...
16:46:15.910 [Thread-0] INFO  com.gsmart.pipeline.DataPipeline - --- Iniciando novo ciclo de processamento em 2025-07-02T16:46:15.9103909-03:00 ---
16:46:15.910 [Thread-0] INFO  com.gsmart.pipeline.DataPipeline - [ETAPA 1/3] Buscando dados da fonte...
16:46:21.484 [Thread-0] INFO  com.gsmart.pipeline.DataPipeline - --- Iniciando novo ciclo de processamento em 2025-07-02T16:46:21.4842673-03:00 ---
16:46:21.484 [Thread-0] INFO  com.gsmart.pipeline.DataPipeline - [ETAPA 1/3] Buscando dados da fonte...
16:46:27.012 [Thread-0] INFO  com.gsmart.pipeline.DataPipeline - --- Iniciando novo ciclo de processamento em 2025-07-02T16:46:27.012276-03:00 ---
16:46:27.012 [Thread-0] INFO  com.gsmart.pipeline.DataPipeline - [ETAPA 1/3] Buscando dados da fonte...
16:46:32.742 [AWT-EventQueue-0] INFO  com.gsmart.GSmartGui - Salvando configurações antes de fechar...
16:46:32.743 [AWT-EventQueue-0] INFO  com.gsmart.config.ConfigManager - Configurações salvas com sucesso no arquivo 'gsmart.properties'.
16:46:32.764 [Thread-0] INFO  com.gsmart.pipeline.DataPipeline - --- Iniciando novo ciclo de processamento em 2025-07-02T16:46:32.7642593-03:00 ---
16:46:32.764 [Thread-0] INFO  com.gsmart.pipeline.DataPipeline - [ETAPA 1/3] Buscando dados da fonte...
16:46:55.364 [AWT-EventQueue-0] INFO  com.gsmart.GSmartGui - Carregando configurações salvas...
16:46:55.373 [AWT-EventQueue-0] INFO  com.gsmart.config.ConfigManager - Arquivo de configuração 'gsmart.properties' carregado com sucesso.
16:46:58.820 [SwingWorker-pool-1-thread-1] INFO  c.gsmart.sources.ThingsBoardSource - Autenticando no ThingsBoard em http://10.8.0.5:8080...
16:46:59.560 [SwingWorker-pool-1-thread-1] INFO  c.gsmart.sources.ThingsBoardSource - Autenticação bem-sucedida!
16:46:59.602 [SwingWorker-pool-1-thread-2] INFO  c.gsmart.sources.ThingsBoardSource - Autenticando no ThingsBoard em http://10.8.0.5:8080...
16:46:59.867 [SwingWorker-pool-1-thread-2] INFO  c.gsmart.sources.ThingsBoardSource - Autenticação bem-sucedida!
16:46:59.868 [SwingWorker-pool-1-thread-2] INFO  c.gsmart.sources.ThingsBoardSource - Buscando perfis de dispositivo...
16:47:00.000 [SwingWorker-pool-1-thread-2] INFO  c.gsmart.sources.ThingsBoardSource - Encontrados 2 perfis de dispositivo.
16:47:00.039 [SwingWorker-pool-1-thread-3] INFO  c.gsmart.sources.ThingsBoardSource - Autenticando no ThingsBoard em http://10.8.0.5:8080...
16:47:00.306 [SwingWorker-pool-1-thread-3] INFO  c.gsmart.sources.ThingsBoardSource - Autenticação bem-sucedida!
16:47:00.307 [SwingWorker-pool-1-thread-3] INFO  c.gsmart.sources.ThingsBoardSource - Buscando dispositivos para o perfil ID: fad253d0-e880-11ee-8358-1f8b80ee0580
16:47:00.406 [SwingWorker-pool-1-thread-3] INFO  c.gsmart.sources.ThingsBoardSource - Encontrados 7 dispositivos.
16:47:10.356 [SwingWorker-pool-1-thread-4] INFO  c.gsmart.sources.ThingsBoardSource - Autenticando no ThingsBoard em http://10.8.0.5:8080...
16:47:10.619 [SwingWorker-pool-1-thread-4] INFO  c.gsmart.sources.ThingsBoardSource - Autenticação bem-sucedida!
16:47:10.749 [AWT-EventQueue-0] INFO  com.gsmart.GSmartGui - Lógica de negócio temporariamente desativada por padrão.
16:47:26.635 [AWT-EventQueue-0] INFO  c.gsmart.sources.ThingsBoardSource - Autenticando no ThingsBoard em http://10.8.0.5:8080...
16:47:26.908 [AWT-EventQueue-0] INFO  c.gsmart.sources.ThingsBoardSource - Autenticação bem-sucedida!
16:47:26.913 [AWT-EventQueue-0] INFO  com.gsmart.pipeline.PipelineManager - Recebida ordem para lançar pipeline: ThingsBoard (Device: 06e109e0-e8ff-11ee-bb8b-2563c61db9b0)
16:47:26.947 [AWT-EventQueue-0] INFO  com.gsmart.pipeline.PipelineManager - Pipeline para 'ThingsBoard (Device: 06e109e0-e8ff-11ee-bb8b-2563c61db9b0)' iniciada em segundo plano.
16:47:26.948 [Thread-0] INFO  com.gsmart.pipeline.DataPipeline - 🚀 INICIANDO PIPELINE GENÉRICA COM FONTE: ThingsBoard (Device: 06e109e0-e8ff-11ee-bb8b-2563c61db9b0) 🚀
16:47:26.954 [Thread-0] INFO  com.gsmart.pipeline.DataPipeline - Execução da lógica de negócio: DESATIVADA
16:47:26.955 [Thread-0] INFO  com.gsmart.pipeline.DataPipeline - --- Iniciando novo ciclo de processamento em 2025-07-02T16:47:26.9556271-03:00 ---
16:47:26.955 [Thread-0] INFO  com.gsmart.pipeline.DataPipeline - [ETAPA 1/3] Buscando dados da fonte...
16:47:33.559 [Thread-0] INFO  com.gsmart.pipeline.DataPipeline - --- Iniciando novo ciclo de processamento em 2025-07-02T16:47:33.5596434-03:00 ---
16:47:33.559 [Thread-0] INFO  com.gsmart.pipeline.DataPipeline - [ETAPA 1/3] Buscando dados da fonte...
16:47:39.108 [Thread-0] INFO  com.gsmart.pipeline.DataPipeline - --- Iniciando novo ciclo de processamento em 2025-07-02T16:47:39.108626-03:00 ---
16:47:39.108 [Thread-0] INFO  com.gsmart.pipeline.DataPipeline - [ETAPA 1/3] Buscando dados da fonte...
16:47:44.658 [Thread-0] INFO  com.gsmart.pipeline.DataPipeline - --- Iniciando novo ciclo de processamento em 2025-07-02T16:47:44.6586314-03:00 ---
16:47:44.658 [Thread-0] INFO  com.gsmart.pipeline.DataPipeline - [ETAPA 1/3] Buscando dados da fonte...
16:47:50.190 [Thread-0] INFO  com.gsmart.pipeline.DataPipeline - --- Iniciando novo ciclo de processamento em 2025-07-02T16:47:50.1906252-03:00 ---
16:47:50.190 [Thread-0] INFO  com.gsmart.pipeline.DataPipeline - [ETAPA 1/3] Buscando dados da fonte...
16:47:55.736 [Thread-0] INFO  com.gsmart.pipeline.DataPipeline - --- Iniciando novo ciclo de processamento em 2025-07-02T16:47:55.7366314-03:00 ---
16:47:55.736 [Thread-0] INFO  com.gsmart.pipeline.DataPipeline - [ETAPA 1/3] Buscando dados da fonte...
16:48:01.235 [Thread-0] INFO  com.gsmart.pipeline.DataPipeline - --- Iniciando novo ciclo de processamento em 2025-07-02T16:48:01.2356236-03:00 ---
16:48:01.235 [Thread-0] INFO  com.gsmart.pipeline.DataPipeline - [ETAPA 1/3] Buscando dados da fonte...
16:48:06.980 [Thread-0] INFO  com.gsmart.pipeline.DataPipeline - --- Iniciando novo ciclo de processamento em 2025-07-02T16:48:06.9806239-03:00 ---
16:48:06.980 [Thread-0] INFO  com.gsmart.pipeline.DataPipeline - [ETAPA 1/3] Buscando dados da fonte...
16:48:17.010 [Thread-0] ERROR com.gsmart.pipeline.DataPipeline - Falha na pipeline: Connect timed out
16:48:17.011 [Thread-0] INFO  c.gsmart.sources.ThingsBoardSource - Token de autenticação do ThingsBoard foi limpo devido a uma falha de conexão.
16:48:17.013 [Thread-0] INFO  ReconnectionLogger - CONEXÃO PERDIDA - Pipeline: ThingsBoard (Device: 06e109e0-e8ff-11ee-bb8b-2563c61db9b0)
16:48:22.014 [Thread-0] INFO  com.gsmart.pipeline.DataPipeline - Tentando reconectar...
16:48:22.014 [Thread-0] INFO  c.gsmart.sources.ThingsBoardSource - Autenticando no ThingsBoard em http://10.8.0.5:8080...
16:48:32.019 [Thread-0] ERROR com.gsmart.pipeline.DataPipeline - Tentativa de reconexão falhou: Connect timed out
16:48:32.020 [Thread-0] INFO  ReconnectionLogger - CONEXÃO PERDIDA - Pipeline: ThingsBoard (Device: 06e109e0-e8ff-11ee-bb8b-2563c61db9b0)
16:48:42.024 [Thread-0] INFO  com.gsmart.pipeline.DataPipeline - Tentando reconectar...
16:48:42.024 [Thread-0] INFO  c.gsmart.sources.ThingsBoardSource - Autenticando no ThingsBoard em http://10.8.0.5:8080...
16:48:52.026 [Thread-0] ERROR com.gsmart.pipeline.DataPipeline - Tentativa de reconexão falhou: Connect timed out
16:48:52.026 [Thread-0] INFO  ReconnectionLogger - CONEXÃO PERDIDA - Pipeline: ThingsBoard (Device: 06e109e0-e8ff-11ee-bb8b-2563c61db9b0)
16:49:07.028 [Thread-0] INFO  com.gsmart.pipeline.DataPipeline - Tentando reconectar...
16:49:07.028 [Thread-0] INFO  c.gsmart.sources.ThingsBoardSource - Autenticando no ThingsBoard em http://10.8.0.5:8080...
16:49:17.030 [Thread-0] ERROR com.gsmart.pipeline.DataPipeline - Tentativa de reconexão falhou: Connect timed out
16:49:17.030 [Thread-0] INFO  ReconnectionLogger - CONEXÃO PERDIDA - Pipeline: ThingsBoard (Device: 06e109e0-e8ff-11ee-bb8b-2563c61db9b0)
16:49:18.415 [AWT-EventQueue-0] INFO  com.gsmart.pipeline.DataPipeline - Sinal de reconexão manual recebido.
16:49:37.031 [Thread-0] INFO  com.gsmart.pipeline.DataPipeline - Tentando reconectar...
16:49:37.031 [Thread-0] INFO  c.gsmart.sources.ThingsBoardSource - Autenticando no ThingsBoard em http://10.8.0.5:8080...
16:49:37.416 [Thread-0] INFO  c.gsmart.sources.ThingsBoardSource - Autenticação bem-sucedida!
16:49:37.506 [Thread-0] INFO  ReconnectionLogger - CONEXÃO RESTABELECIDA - Pipeline: ThingsBoard (Device: 06e109e0-e8ff-11ee-bb8b-2563c61db9b0)
16:49:37.506 [Thread-0] INFO  com.gsmart.pipeline.DataPipeline - Conexão restaurada. Retomando operação normal.
16:49:37.506 [Thread-0] INFO  com.gsmart.pipeline.DataPipeline - --- Iniciando novo ciclo de processamento em 2025-07-02T16:49:37.5065549-03:00 ---
16:49:37.506 [Thread-0] INFO  com.gsmart.pipeline.DataPipeline - [ETAPA 1/3] Buscando dados da fonte...
16:49:43.367 [Thread-0] INFO  com.gsmart.pipeline.DataPipeline - --- Iniciando novo ciclo de processamento em 2025-07-02T16:49:43.3675628-03:00 ---
16:49:43.367 [Thread-0] INFO  com.gsmart.pipeline.DataPipeline - [ETAPA 1/3] Buscando dados da fonte...
16:49:48.883 [Thread-0] INFO  com.gsmart.pipeline.DataPipeline - --- Iniciando novo ciclo de processamento em 2025-07-02T16:49:48.8830471-03:00 ---
16:49:48.883 [Thread-0] INFO  com.gsmart.pipeline.DataPipeline - [ETAPA 1/3] Buscando dados da fonte...
16:49:54.479 [Thread-0] INFO  com.gsmart.pipeline.DataPipeline - --- Iniciando novo ciclo de processamento em 2025-07-02T16:49:54.478571-03:00 ---
16:49:54.479 [Thread-0] INFO  com.gsmart.pipeline.DataPipeline - [ETAPA 1/3] Buscando dados da fonte...
16:50:00.152 [Thread-0] INFO  com.gsmart.pipeline.DataPipeline - --- Iniciando novo ciclo de processamento em 2025-07-02T16:50:00.1525597-03:00 ---
16:50:00.152 [Thread-0] INFO  com.gsmart.pipeline.DataPipeline - [ETAPA 1/3] Buscando dados da fonte...
16:50:06.239 [Thread-0] INFO  com.gsmart.pipeline.DataPipeline - --- Iniciando novo ciclo de processamento em 2025-07-02T16:50:06.2395535-03:00 ---
16:50:06.239 [Thread-0] INFO  com.gsmart.pipeline.DataPipeline - [ETAPA 1/3] Buscando dados da fonte...
16:50:11.772 [Thread-0] INFO  com.gsmart.pipeline.DataPipeline - --- Iniciando novo ciclo de processamento em 2025-07-02T16:50:11.772553-03:00 ---
16:50:11.772 [Thread-0] INFO  com.gsmart.pipeline.DataPipeline - [ETAPA 1/3] Buscando dados da fonte...
16:50:17.457 [Thread-0] INFO  com.gsmart.pipeline.DataPipeline - --- Iniciando novo ciclo de processamento em 2025-07-02T16:50:17.4575474-03:00 ---
16:50:17.457 [Thread-0] INFO  com.gsmart.pipeline.DataPipeline - [ETAPA 1/3] Buscando dados da fonte...
16:50:22.981 [Thread-0] INFO  com.gsmart.pipeline.DataPipeline - --- Iniciando novo ciclo de processamento em 2025-07-02T16:50:22.9815712-03:00 ---
16:50:22.981 [Thread-0] INFO  com.gsmart.pipeline.DataPipeline - [ETAPA 1/3] Buscando dados da fonte...
16:50:29.165 [Thread-0] INFO  com.gsmart.pipeline.DataPipeline - --- Iniciando novo ciclo de processamento em 2025-07-02T16:50:29.165563-03:00 ---
16:50:29.165 [Thread-0] INFO  com.gsmart.pipeline.DataPipeline - [ETAPA 1/3] Buscando dados da fonte...
16:50:34.725 [Thread-0] INFO  com.gsmart.pipeline.DataPipeline - --- Iniciando novo ciclo de processamento em 2025-07-02T16:50:34.7255546-03:00 ---
16:50:34.725 [Thread-0] INFO  com.gsmart.pipeline.DataPipeline - [ETAPA 1/3] Buscando dados da fonte...
16:50:40.281 [Thread-0] INFO  com.gsmart.pipeline.DataPipeline - --- Iniciando novo ciclo de processamento em 2025-07-02T16:50:40.2815611-03:00 ---
16:50:40.281 [Thread-0] INFO  com.gsmart.pipeline.DataPipeline - [ETAPA 1/3] Buscando dados da fonte...
16:50:45.810 [Thread-0] INFO  com.gsmart.pipeline.DataPipeline - --- Iniciando novo ciclo de processamento em 2025-07-02T16:50:45.8105534-03:00 ---
16:50:45.810 [Thread-0] INFO  com.gsmart.pipeline.DataPipeline - [ETAPA 1/3] Buscando dados da fonte...
16:50:51.514 [Thread-0] INFO  com.gsmart.pipeline.DataPipeline - --- Iniciando novo ciclo de processamento em 2025-07-02T16:50:51.5145529-03:00 ---
16:50:51.514 [Thread-0] INFO  com.gsmart.pipeline.DataPipeline - [ETAPA 1/3] Buscando dados da fonte...
16:50:57.071 [Thread-0] INFO  com.gsmart.pipeline.DataPipeline - --- Iniciando novo ciclo de processamento em 2025-07-02T16:50:57.0715612-03:00 ---
16:50:57.071 [Thread-0] INFO  com.gsmart.pipeline.DataPipeline - [ETAPA 1/3] Buscando dados da fonte...
16:51:02.612 [Thread-0] INFO  com.gsmart.pipeline.DataPipeline - --- Iniciando novo ciclo de processamento em 2025-07-02T16:51:02.6125617-03:00 ---
16:51:02.612 [Thread-0] INFO  com.gsmart.pipeline.DataPipeline - [ETAPA 1/3] Buscando dados da fonte...
16:51:08.135 [Thread-0] INFO  com.gsmart.pipeline.DataPipeline - --- Iniciando novo ciclo de processamento em 2025-07-02T16:51:08.1355622-03:00 ---
16:51:08.135 [Thread-0] INFO  com.gsmart.pipeline.DataPipeline - [ETAPA 1/3] Buscando dados da fonte...
16:51:13.683 [Thread-0] INFO  com.gsmart.pipeline.DataPipeline - --- Iniciando novo ciclo de processamento em 2025-07-02T16:51:13.6835638-03:00 ---
16:51:13.683 [Thread-0] INFO  com.gsmart.pipeline.DataPipeline - [ETAPA 1/3] Buscando dados da fonte...
16:51:19.344 [Thread-0] INFO  com.gsmart.pipeline.DataPipeline - --- Iniciando novo ciclo de processamento em 2025-07-02T16:51:19.3445639-03:00 ---
16:51:19.344 [Thread-0] INFO  com.gsmart.pipeline.DataPipeline - [ETAPA 1/3] Buscando dados da fonte...
16:51:24.892 [Thread-0] INFO  com.gsmart.pipeline.DataPipeline - --- Iniciando novo ciclo de processamento em 2025-07-02T16:51:24.8925533-03:00 ---
16:51:24.892 [Thread-0] INFO  com.gsmart.pipeline.DataPipeline - [ETAPA 1/3] Buscando dados da fonte...
16:51:30.464 [Thread-0] INFO  com.gsmart.pipeline.DataPipeline - --- Iniciando novo ciclo de processamento em 2025-07-02T16:51:30.4645532-03:00 ---
16:51:30.464 [Thread-0] INFO  com.gsmart.pipeline.DataPipeline - [ETAPA 1/3] Buscando dados da fonte...
16:54:49.476 [AWT-EventQueue-0] INFO  com.gsmart.GSmartGui - Carregando configurações salvas...
16:54:49.485 [AWT-EventQueue-0] INFO  com.gsmart.config.ConfigManager - Arquivo de configuração 'gsmart.properties' carregado com sucesso.
16:54:51.274 [AWT-EventQueue-0] INFO  com.gsmart.GSmartGui - Salvando configurações antes de fechar...
16:54:51.274 [AWT-EventQueue-0] INFO  com.gsmart.config.ConfigManager - Configurações salvas com sucesso no arquivo 'gsmart.properties'.
16:55:20.172 [AWT-EventQueue-0] INFO  com.gsmart.GSmartGui - Carregando configurações salvas...
16:55:20.182 [AWT-EventQueue-0] INFO  com.gsmart.config.ConfigManager - Arquivo de configuração 'gsmart.properties' carregado com sucesso.
16:55:24.797 [SwingWorker-pool-1-thread-1] INFO  c.gsmart.sources.ThingsBoardSource - Autenticando no ThingsBoard em http://10.8.0.5:8080...
16:55:25.638 [SwingWorker-pool-1-thread-1] INFO  c.gsmart.sources.ThingsBoardSource - Autenticação bem-sucedida!
16:55:25.682 [SwingWorker-pool-1-thread-2] INFO  c.gsmart.sources.ThingsBoardSource - Autenticando no ThingsBoard em http://10.8.0.5:8080...
16:55:25.948 [SwingWorker-pool-1-thread-2] INFO  c.gsmart.sources.ThingsBoardSource - Autenticação bem-sucedida!
16:55:25.949 [SwingWorker-pool-1-thread-2] INFO  c.gsmart.sources.ThingsBoardSource - Buscando perfis de dispositivo...
16:55:26.070 [SwingWorker-pool-1-thread-2] INFO  c.gsmart.sources.ThingsBoardSource - Encontrados 2 perfis de dispositivo.
16:55:26.111 [SwingWorker-pool-1-thread-3] INFO  c.gsmart.sources.ThingsBoardSource - Autenticando no ThingsBoard em http://10.8.0.5:8080...
16:55:26.368 [SwingWorker-pool-1-thread-3] INFO  c.gsmart.sources.ThingsBoardSource - Autenticação bem-sucedida!
16:55:26.368 [SwingWorker-pool-1-thread-3] INFO  c.gsmart.sources.ThingsBoardSource - Buscando dispositivos para o perfil ID: fad253d0-e880-11ee-8358-1f8b80ee0580
16:55:26.469 [SwingWorker-pool-1-thread-3] INFO  c.gsmart.sources.ThingsBoardSource - Encontrados 7 dispositivos.
16:55:42.407 [SwingWorker-pool-1-thread-4] INFO  c.gsmart.sources.ThingsBoardSource - Autenticando no ThingsBoard em http://10.8.0.5:8080...
16:55:42.711 [SwingWorker-pool-1-thread-4] INFO  c.gsmart.sources.ThingsBoardSource - Autenticação bem-sucedida!
16:55:42.754 [SwingWorker-pool-1-thread-5] INFO  c.gsmart.sources.ThingsBoardSource - Autenticando no ThingsBoard em http://10.8.0.5:8080...
16:55:43.036 [SwingWorker-pool-1-thread-5] INFO  c.gsmart.sources.ThingsBoardSource - Autenticação bem-sucedida!
16:55:43.036 [SwingWorker-pool-1-thread-5] INFO  c.gsmart.sources.ThingsBoardSource - Buscando perfis de dispositivo...
16:55:43.131 [SwingWorker-pool-1-thread-5] INFO  c.gsmart.sources.ThingsBoardSource - Encontrados 2 perfis de dispositivo.
16:55:43.170 [SwingWorker-pool-1-thread-6] INFO  c.gsmart.sources.ThingsBoardSource - Autenticando no ThingsBoard em http://10.8.0.5:8080...
16:55:43.451 [SwingWorker-pool-1-thread-6] INFO  c.gsmart.sources.ThingsBoardSource - Autenticação bem-sucedida!
16:55:43.451 [SwingWorker-pool-1-thread-6] INFO  c.gsmart.sources.ThingsBoardSource - Buscando dispositivos para o perfil ID: fad253d0-e880-11ee-8358-1f8b80ee0580
16:55:43.543 [SwingWorker-pool-1-thread-6] INFO  c.gsmart.sources.ThingsBoardSource - Encontrados 7 dispositivos.
16:55:43.626 [SwingWorker-pool-1-thread-7] INFO  c.gsmart.sources.ThingsBoardSource - Autenticando no ThingsBoard em http://10.8.0.5:8080...
16:55:43.870 [SwingWorker-pool-1-thread-7] INFO  c.gsmart.sources.ThingsBoardSource - Autenticação bem-sucedida!
16:55:43.995 [AWT-EventQueue-0] INFO  com.gsmart.GSmartGui - Lógica de negócio temporariamente desativada por padrão.
16:55:51.326 [AWT-EventQueue-0] INFO  c.gsmart.sources.ThingsBoardSource - Autenticando no ThingsBoard em http://10.8.0.5:8080...
16:55:51.583 [AWT-EventQueue-0] INFO  c.gsmart.sources.ThingsBoardSource - Autenticação bem-sucedida!
16:55:51.586 [AWT-EventQueue-0] INFO  com.gsmart.pipeline.PipelineManager - Recebida ordem para lançar pipeline: ThingsBoard (Device: 06e109e0-e8ff-11ee-bb8b-2563c61db9b0)
16:55:51.608 [AWT-EventQueue-0] INFO  com.gsmart.pipeline.PipelineManager - Pipeline para 'ThingsBoard (Device: 06e109e0-e8ff-11ee-bb8b-2563c61db9b0)' iniciada em segundo plano.
16:55:51.609 [Thread-0] INFO  com.gsmart.pipeline.DataPipeline - 🚀 INICIANDO PIPELINE GENÉRICA COM FONTE: ThingsBoard (Device: 06e109e0-e8ff-11ee-bb8b-2563c61db9b0) 🚀
16:55:51.614 [Thread-0] INFO  com.gsmart.pipeline.DataPipeline - Execução da lógica de negócio: DESATIVADA
16:55:51.615 [Thread-0] INFO  com.gsmart.pipeline.DataPipeline - --- Iniciando novo ciclo de processamento em 2025-07-02T16:55:51.6155737-03:00 ---
16:55:51.615 [Thread-0] INFO  com.gsmart.pipeline.DataPipeline - [ETAPA 1/3] Buscando dados da fonte...
16:55:58.367 [Thread-0] INFO  com.gsmart.pipeline.DataPipeline - --- Iniciando novo ciclo de processamento em 2025-07-02T16:55:58.3675627-03:00 ---
16:55:58.367 [Thread-0] INFO  com.gsmart.pipeline.DataPipeline - [ETAPA 1/3] Buscando dados da fonte...
16:56:03.932 [Thread-0] INFO  com.gsmart.pipeline.DataPipeline - --- Iniciando novo ciclo de processamento em 2025-07-02T16:56:03.9325737-03:00 ---
16:56:03.932 [Thread-0] INFO  com.gsmart.pipeline.DataPipeline - [ETAPA 1/3] Buscando dados da fonte...
16:56:09.717 [Thread-0] INFO  com.gsmart.pipeline.DataPipeline - --- Iniciando novo ciclo de processamento em 2025-07-02T16:56:09.7175537-03:00 ---
16:56:09.717 [Thread-0] INFO  com.gsmart.pipeline.DataPipeline - [ETAPA 1/3] Buscando dados da fonte...
16:56:19.739 [Thread-0] ERROR com.gsmart.pipeline.DataPipeline - Falha na pipeline: Connect timed out
16:56:19.739 [Thread-0] INFO  c.gsmart.sources.ThingsBoardSource - Token de autenticação do ThingsBoard foi limpo devido a uma falha de conexão.
16:56:19.741 [Thread-0] INFO  ReconnectionLogger - CONEXÃO PERDIDA - Pipeline: ThingsBoard (Device: 06e109e0-e8ff-11ee-bb8b-2563c61db9b0)
16:56:24.743 [Thread-0] INFO  com.gsmart.pipeline.DataPipeline - Tentando reconectar...
16:56:24.743 [Thread-0] INFO  c.gsmart.sources.ThingsBoardSource - Autenticando no ThingsBoard em http://10.8.0.5:8080...
16:56:34.748 [Thread-0] ERROR com.gsmart.pipeline.DataPipeline - Tentativa de reconexão falhou: Connect timed out
16:56:34.748 [Thread-0] INFO  ReconnectionLogger - CONEXÃO PERDIDA - Pipeline: ThingsBoard (Device: 06e109e0-e8ff-11ee-bb8b-2563c61db9b0)
16:56:44.753 [Thread-0] INFO  com.gsmart.pipeline.DataPipeline - Tentando reconectar...
16:56:44.753 [Thread-0] INFO  c.gsmart.sources.ThingsBoardSource - Autenticando no ThingsBoard em http://10.8.0.5:8080...
16:56:54.756 [Thread-0] ERROR com.gsmart.pipeline.DataPipeline - Tentativa de reconexão falhou: Connect timed out
16:56:54.756 [Thread-0] INFO  ReconnectionLogger - CONEXÃO PERDIDA - Pipeline: ThingsBoard (Device: 06e109e0-e8ff-11ee-bb8b-2563c61db9b0)
16:57:09.758 [Thread-0] INFO  com.gsmart.pipeline.DataPipeline - Tentando reconectar...
16:57:09.758 [Thread-0] INFO  c.gsmart.sources.ThingsBoardSource - Autenticando no ThingsBoard em http://10.8.0.5:8080...
16:57:10.125 [Thread-0] INFO  c.gsmart.sources.ThingsBoardSource - Autenticação bem-sucedida!
16:57:10.221 [Thread-0] INFO  ReconnectionLogger - CONEXÃO RESTABELECIDA - Pipeline: ThingsBoard (Device: 06e109e0-e8ff-11ee-bb8b-2563c61db9b0)
16:57:10.221 [Thread-0] INFO  com.gsmart.pipeline.DataPipeline - Conexão restaurada. Retomando operação normal.
16:57:10.222 [Thread-0] INFO  com.gsmart.pipeline.DataPipeline - --- Iniciando novo ciclo de processamento em 2025-07-02T16:57:10.2215536-03:00 ---
16:57:10.222 [Thread-0] INFO  com.gsmart.pipeline.DataPipeline - [ETAPA 1/3] Buscando dados da fonte...
16:57:15.878 [Thread-0] INFO  com.gsmart.pipeline.DataPipeline - --- Iniciando novo ciclo de processamento em 2025-07-02T16:57:15.8785721-03:00 ---
16:57:15.878 [Thread-0] INFO  com.gsmart.pipeline.DataPipeline - [ETAPA 1/3] Buscando dados da fonte...
16:57:16.849 [Thread-0] ERROR com.gsmart.pipeline.DataPipeline - Falha na pipeline: Uma conexão estabelecida foi anulada pelo software no computador host
16:57:16.849 [Thread-0] INFO  c.gsmart.sources.ThingsBoardSource - Token de autenticação do ThingsBoard foi limpo devido a uma falha de conexão.
16:57:16.849 [Thread-0] INFO  ReconnectionLogger - CONEXÃO PERDIDA - Pipeline: ThingsBoard (Device: 06e109e0-e8ff-11ee-bb8b-2563c61db9b0)
16:57:21.851 [Thread-0] INFO  com.gsmart.pipeline.DataPipeline - Tentando reconectar...
16:57:21.851 [Thread-0] INFO  c.gsmart.sources.ThingsBoardSource - Autenticando no ThingsBoard em http://10.8.0.5:8080...
16:57:31.859 [Thread-0] ERROR com.gsmart.pipeline.DataPipeline - Tentativa de reconexão falhou: Connect timed out
16:57:31.860 [Thread-0] INFO  ReconnectionLogger - CONEXÃO PERDIDA - Pipeline: ThingsBoard (Device: 06e109e0-e8ff-11ee-bb8b-2563c61db9b0)
16:57:41.862 [Thread-0] INFO  com.gsmart.pipeline.DataPipeline - Tentando reconectar...
16:57:41.862 [Thread-0] INFO  c.gsmart.sources.ThingsBoardSource - Autenticando no ThingsBoard em http://10.8.0.5:8080...
16:57:51.864 [Thread-0] ERROR com.gsmart.pipeline.DataPipeline - Tentativa de reconexão falhou: Connect timed out
16:57:51.865 [Thread-0] INFO  ReconnectionLogger - CONEXÃO PERDIDA - Pipeline: ThingsBoard (Device: 06e109e0-e8ff-11ee-bb8b-2563c61db9b0)
16:58:06.866 [Thread-0] INFO  com.gsmart.pipeline.DataPipeline - Tentando reconectar...
16:58:06.866 [Thread-0] INFO  c.gsmart.sources.ThingsBoardSource - Autenticando no ThingsBoard em http://10.8.0.5:8080...
16:58:06.869 [Thread-0] ERROR com.gsmart.pipeline.DataPipeline - Tentativa de reconexão falhou: No route to host: getsockopt
16:58:06.869 [Thread-0] INFO  ReconnectionLogger - CONEXÃO PERDIDA - Pipeline: ThingsBoard (Device: 06e109e0-e8ff-11ee-bb8b-2563c61db9b0)
16:58:09.380 [AWT-EventQueue-0] INFO  com.gsmart.pipeline.DataPipeline - Sinal de reconexão manual recebido.
16:58:17.884 [AWT-EventQueue-0] INFO  com.gsmart.pipeline.DataPipeline - Sinal de reconexão manual recebido.
16:58:18.173 [AWT-EventQueue-0] INFO  com.gsmart.pipeline.DataPipeline - Sinal de reconexão manual recebido.
16:58:18.796 [AWT-EventQueue-0] INFO  com.gsmart.pipeline.DataPipeline - Sinal de reconexão manual recebido.
16:58:26.870 [Thread-0] INFO  com.gsmart.pipeline.DataPipeline - Tentando reconectar...
16:58:26.870 [Thread-0] INFO  c.gsmart.sources.ThingsBoardSource - Autenticando no ThingsBoard em http://10.8.0.5:8080...
16:58:27.251 [Thread-0] INFO  c.gsmart.sources.ThingsBoardSource - Autenticação bem-sucedida!
16:58:27.347 [Thread-0] INFO  ReconnectionLogger - CONEXÃO RESTABELECIDA - Pipeline: ThingsBoard (Device: 06e109e0-e8ff-11ee-bb8b-2563c61db9b0)
16:58:27.347 [Thread-0] INFO  com.gsmart.pipeline.DataPipeline - Conexão restaurada. Retomando operação normal.
16:58:27.348 [Thread-0] INFO  com.gsmart.pipeline.DataPipeline - --- Iniciando novo ciclo de processamento em 2025-07-02T16:58:27.3481086-03:00 ---
16:58:27.348 [Thread-0] INFO  com.gsmart.pipeline.DataPipeline - [ETAPA 1/3] Buscando dados da fonte...
16:58:33.201 [Thread-0] INFO  com.gsmart.pipeline.DataPipeline - --- Iniciando novo ciclo de processamento em 2025-07-02T16:58:33.2010867-03:00 ---
16:58:33.201 [Thread-0] INFO  com.gsmart.pipeline.DataPipeline - [ETAPA 1/3] Buscando dados da fonte...
16:58:38.736 [Thread-0] INFO  com.gsmart.pipeline.DataPipeline - --- Iniciando novo ciclo de processamento em 2025-07-02T16:58:38.7360855-03:00 ---
16:58:38.736 [Thread-0] INFO  com.gsmart.pipeline.DataPipeline - [ETAPA 1/3] Buscando dados da fonte...
16:58:44.224 [Thread-0] INFO  com.gsmart.pipeline.DataPipeline - --- Iniciando novo ciclo de processamento em 2025-07-02T16:58:44.2240857-03:00 ---
16:58:44.224 [Thread-0] INFO  com.gsmart.pipeline.DataPipeline - [ETAPA 1/3] Buscando dados da fonte...
16:58:49.793 [Thread-0] INFO  com.gsmart.pipeline.DataPipeline - --- Iniciando novo ciclo de processamento em 2025-07-02T16:58:49.7930777-03:00 ---
16:58:49.793 [Thread-0] INFO  com.gsmart.pipeline.DataPipeline - [ETAPA 1/3] Buscando dados da fonte...
16:58:55.336 [Thread-0] INFO  com.gsmart.pipeline.DataPipeline - --- Iniciando novo ciclo de processamento em 2025-07-02T16:58:55.3360855-03:00 ---
16:58:55.336 [Thread-0] INFO  com.gsmart.pipeline.DataPipeline - [ETAPA 1/3] Buscando dados da fonte...
16:59:00.918 [Thread-0] INFO  com.gsmart.pipeline.DataPipeline - --- Iniciando novo ciclo de processamento em 2025-07-02T16:59:00.9180775-03:00 ---
16:59:00.918 [Thread-0] INFO  com.gsmart.pipeline.DataPipeline - [ETAPA 1/3] Buscando dados da fonte...
16:59:06.598 [Thread-0] INFO  com.gsmart.pipeline.DataPipeline - --- Iniciando novo ciclo de processamento em 2025-07-02T16:59:06.5980772-03:00 ---
16:59:06.598 [Thread-0] INFO  com.gsmart.pipeline.DataPipeline - [ETAPA 1/3] Buscando dados da fonte...
16:59:12.123 [Thread-0] INFO  com.gsmart.pipeline.DataPipeline - --- Iniciando novo ciclo de processamento em 2025-07-02T16:59:12.1230812-03:00 ---
16:59:12.123 [Thread-0] INFO  com.gsmart.pipeline.DataPipeline - [ETAPA 1/3] Buscando dados da fonte...
16:59:17.657 [Thread-0] INFO  com.gsmart.pipeline.DataPipeline - --- Iniciando novo ciclo de processamento em 2025-07-02T16:59:17.6570778-03:00 ---
16:59:17.657 [Thread-0] INFO  com.gsmart.pipeline.DataPipeline - [ETAPA 1/3] Buscando dados da fonte...
16:59:23.228 [Thread-0] INFO  com.gsmart.pipeline.DataPipeline - --- Iniciando novo ciclo de processamento em 2025-07-02T16:59:23.2280842-03:00 ---
16:59:23.228 [Thread-0] INFO  com.gsmart.pipeline.DataPipeline - [ETAPA 1/3] Buscando dados da fonte...
16:59:28.819 [Thread-0] INFO  com.gsmart.pipeline.DataPipeline - --- Iniciando novo ciclo de processamento em 2025-07-02T16:59:28.8190782-03:00 ---
16:59:28.819 [Thread-0] INFO  com.gsmart.pipeline.DataPipeline - [ETAPA 1/3] Buscando dados da fonte...
16:59:34.338 [Thread-0] INFO  com.gsmart.pipeline.DataPipeline - --- Iniciando novo ciclo de processamento em 2025-07-02T16:59:34.3380848-03:00 ---
16:59:34.338 [Thread-0] INFO  com.gsmart.pipeline.DataPipeline - [ETAPA 1/3] Buscando dados da fonte...
16:59:40.005 [Thread-0] INFO  com.gsmart.pipeline.DataPipeline - --- Iniciando novo ciclo de processamento em 2025-07-02T16:59:40.0050793-03:00 ---
16:59:40.005 [Thread-0] INFO  com.gsmart.pipeline.DataPipeline - [ETAPA 1/3] Buscando dados da fonte...
16:59:45.683 [Thread-0] INFO  com.gsmart.pipeline.DataPipeline - --- Iniciando novo ciclo de processamento em 2025-07-02T16:59:45.6830848-03:00 ---
16:59:45.683 [Thread-0] INFO  com.gsmart.pipeline.DataPipeline - [ETAPA 1/3] Buscando dados da fonte...
16:59:51.253 [Thread-0] INFO  com.gsmart.pipeline.DataPipeline - --- Iniciando novo ciclo de processamento em 2025-07-02T16:59:51.2530776-03:00 ---
16:59:51.253 [Thread-0] INFO  com.gsmart.pipeline.DataPipeline - [ETAPA 1/3] Buscando dados da fonte...
16:59:56.790 [Thread-0] INFO  com.gsmart.pipeline.DataPipeline - --- Iniciando novo ciclo de processamento em 2025-07-02T16:59:56.7900769-03:00 ---
16:59:56.790 [Thread-0] INFO  com.gsmart.pipeline.DataPipeline - [ETAPA 1/3] Buscando dados da fonte...
17:00:02.469 [Thread-0] INFO  com.gsmart.pipeline.DataPipeline - --- Iniciando novo ciclo de processamento em 2025-07-02T17:00:02.4690783-03:00 ---
17:00:02.469 [Thread-0] INFO  com.gsmart.pipeline.DataPipeline - [ETAPA 1/3] Buscando dados da fonte...
17:00:08.136 [Thread-0] INFO  com.gsmart.pipeline.DataPipeline - --- Iniciando novo ciclo de processamento em 2025-07-02T17:00:08.1360775-03:00 ---
17:00:08.136 [Thread-0] INFO  com.gsmart.pipeline.DataPipeline - [ETAPA 1/3] Buscando dados da fonte...
17:00:13.875 [Thread-0] INFO  com.gsmart.pipeline.DataPipeline - --- Iniciando novo ciclo de processamento em 2025-07-02T17:00:13.8750847-03:00 ---
17:00:13.875 [Thread-0] INFO  com.gsmart.pipeline.DataPipeline - [ETAPA 1/3] Buscando dados da fonte...
17:00:19.398 [Thread-0] INFO  com.gsmart.pipeline.DataPipeline - --- Iniciando novo ciclo de processamento em 2025-07-02T17:00:19.3980883-03:00 ---
17:00:19.398 [Thread-0] INFO  com.gsmart.pipeline.DataPipeline - [ETAPA 1/3] Buscando dados da fonte...
17:00:24.959 [Thread-0] INFO  com.gsmart.pipeline.DataPipeline - --- Iniciando novo ciclo de processamento em 2025-07-02T17:00:24.9590775-03:00 ---
17:00:24.960 [Thread-0] INFO  com.gsmart.pipeline.DataPipeline - [ETAPA 1/3] Buscando dados da fonte...
17:00:30.515 [Thread-0] INFO  com.gsmart.pipeline.DataPipeline - --- Iniciando novo ciclo de processamento em 2025-07-02T17:00:30.5150777-03:00 ---
17:00:30.515 [Thread-0] INFO  com.gsmart.pipeline.DataPipeline - [ETAPA 1/3] Buscando dados da fonte...
17:00:36.058 [Thread-0] INFO  com.gsmart.pipeline.DataPipeline - --- Iniciando novo ciclo de processamento em 2025-07-02T17:00:36.0581043-03:00 ---
17:00:36.058 [Thread-0] INFO  com.gsmart.pipeline.DataPipeline - [ETAPA 1/3] Buscando dados da fonte...
17:00:41.742 [Thread-0] INFO  com.gsmart.pipeline.DataPipeline - --- Iniciando novo ciclo de processamento em 2025-07-02T17:00:41.7420777-03:00 ---
17:00:41.742 [Thread-0] INFO  com.gsmart.pipeline.DataPipeline - [ETAPA 1/3] Buscando dados da fonte...
17:00:47.417 [Thread-0] INFO  com.gsmart.pipeline.DataPipeline - --- Iniciando novo ciclo de processamento em 2025-07-02T17:00:47.4170859-03:00 ---
17:00:47.417 [Thread-0] INFO  com.gsmart.pipeline.DataPipeline - [ETAPA 1/3] Buscando dados da fonte...
17:00:52.961 [Thread-0] INFO  com.gsmart.pipeline.DataPipeline - --- Iniciando novo ciclo de processamento em 2025-07-02T17:00:52.9610844-03:00 ---
17:00:52.961 [Thread-0] INFO  com.gsmart.pipeline.DataPipeline - [ETAPA 1/3] Buscando dados da fonte...
17:00:59.293 [Thread-0] INFO  com.gsmart.pipeline.DataPipeline - --- Iniciando novo ciclo de processamento em 2025-07-02T17:00:59.2930797-03:00 ---
17:00:59.293 [Thread-0] INFO  com.gsmart.pipeline.DataPipeline - [ETAPA 1/3] Buscando dados da fonte...
17:01:04.865 [Thread-0] INFO  com.gsmart.pipeline.DataPipeline - --- Iniciando novo ciclo de processamento em 2025-07-02T17:01:04.865078-03:00 ---
17:01:04.865 [Thread-0] INFO  com.gsmart.pipeline.DataPipeline - [ETAPA 1/3] Buscando dados da fonte...
17:01:10.438 [Thread-0] INFO  com.gsmart.pipeline.DataPipeline - --- Iniciando novo ciclo de processamento em 2025-07-02T17:01:10.4380773-03:00 ---
17:01:10.438 [Thread-0] INFO  com.gsmart.pipeline.DataPipeline - [ETAPA 1/3] Buscando dados da fonte...
17:01:16.024 [Thread-0] INFO  com.gsmart.pipeline.DataPipeline - --- Iniciando novo ciclo de processamento em 2025-07-02T17:01:16.0240789-03:00 ---
17:01:16.024 [Thread-0] INFO  com.gsmart.pipeline.DataPipeline - [ETAPA 1/3] Buscando dados da fonte...
17:01:21.868 [Thread-0] INFO  com.gsmart.pipeline.DataPipeline - --- Iniciando novo ciclo de processamento em 2025-07-02T17:01:21.8680828-03:00 ---
17:01:21.869 [Thread-0] INFO  com.gsmart.pipeline.DataPipeline - [ETAPA 1/3] Buscando dados da fonte...
17:01:27.449 [Thread-0] INFO  com.gsmart.pipeline.DataPipeline - --- Iniciando novo ciclo de processamento em 2025-07-02T17:01:27.4490992-03:00 ---
17:01:27.449 [Thread-0] INFO  com.gsmart.pipeline.DataPipeline - [ETAPA 1/3] Buscando dados da fonte...
17:01:33.353 [Thread-0] INFO  com.gsmart.pipeline.DataPipeline - --- Iniciando novo ciclo de processamento em 2025-07-02T17:01:33.3530794-03:00 ---
17:01:33.353 [Thread-0] INFO  com.gsmart.pipeline.DataPipeline - [ETAPA 1/3] Buscando dados da fonte...
17:01:38.932 [Thread-0] INFO  com.gsmart.pipeline.DataPipeline - --- Iniciando novo ciclo de processamento em 2025-07-02T17:01:38.932086-03:00 ---
17:01:38.932 [Thread-0] INFO  com.gsmart.pipeline.DataPipeline - [ETAPA 1/3] Buscando dados da fonte...
17:01:44.474 [Thread-0] INFO  com.gsmart.pipeline.DataPipeline - --- Iniciando novo ciclo de processamento em 2025-07-02T17:01:44.4740787-03:00 ---
17:01:44.474 [Thread-0] INFO  com.gsmart.pipeline.DataPipeline - [ETAPA 1/3] Buscando dados da fonte...
17:01:50.015 [Thread-0] INFO  com.gsmart.pipeline.DataPipeline - --- Iniciando novo ciclo de processamento em 2025-07-02T17:01:50.0150783-03:00 ---
17:01:50.015 [Thread-0] INFO  com.gsmart.pipeline.DataPipeline - [ETAPA 1/3] Buscando dados da fonte...
17:01:55.712 [Thread-0] INFO  com.gsmart.pipeline.DataPipeline - --- Iniciando novo ciclo de processamento em 2025-07-02T17:01:55.7120924-03:00 ---
17:01:55.712 [Thread-0] INFO  com.gsmart.pipeline.DataPipeline - [ETAPA 1/3] Buscando dados da fonte...
17:02:01.311 [Thread-0] INFO  com.gsmart.pipeline.DataPipeline - --- Iniciando novo ciclo de processamento em 2025-07-02T17:02:01.3110869-03:00 ---
17:02:01.311 [Thread-0] INFO  com.gsmart.pipeline.DataPipeline - [ETAPA 1/3] Buscando dados da fonte...
17:02:06.874 [Thread-0] INFO  com.gsmart.pipeline.DataPipeline - --- Iniciando novo ciclo de processamento em 2025-07-02T17:02:06.8740807-03:00 ---
17:02:06.874 [Thread-0] INFO  com.gsmart.pipeline.DataPipeline - [ETAPA 1/3] Buscando dados da fonte...
17:02:12.443 [Thread-0] INFO  com.gsmart.pipeline.DataPipeline - --- Iniciando novo ciclo de processamento em 2025-07-02T17:02:12.4430882-03:00 ---
17:02:12.443 [Thread-0] INFO  com.gsmart.pipeline.DataPipeline - [ETAPA 1/3] Buscando dados da fonte...
17:02:17.976 [Thread-0] INFO  com.gsmart.pipeline.DataPipeline - --- Iniciando novo ciclo de processamento em 2025-07-02T17:02:17.9760845-03:00 ---
17:02:17.976 [Thread-0] INFO  com.gsmart.pipeline.DataPipeline - [ETAPA 1/3] Buscando dados da fonte...
17:02:23.511 [Thread-0] INFO  com.gsmart.pipeline.DataPipeline - --- Iniciando novo ciclo de processamento em 2025-07-02T17:02:23.5110846-03:00 ---
17:02:23.511 [Thread-0] INFO  com.gsmart.pipeline.DataPipeline - [ETAPA 1/3] Buscando dados da fonte...
17:02:29.229 [Thread-0] INFO  com.gsmart.pipeline.DataPipeline - --- Iniciando novo ciclo de processamento em 2025-07-02T17:02:29.2290857-03:00 ---
17:02:29.229 [Thread-0] INFO  com.gsmart.pipeline.DataPipeline - [ETAPA 1/3] Buscando dados da fonte...
17:02:34.819 [Thread-0] INFO  com.gsmart.pipeline.DataPipeline - --- Iniciando novo ciclo de processamento em 2025-07-02T17:02:34.8180772-03:00 ---
17:02:34.819 [Thread-0] INFO  com.gsmart.pipeline.DataPipeline - [ETAPA 1/3] Buscando dados da fonte...
17:02:40.345 [Thread-0] INFO  com.gsmart.pipeline.DataPipeline - --- Iniciando novo ciclo de processamento em 2025-07-02T17:02:40.3450776-03:00 ---
17:02:40.345 [Thread-0] INFO  com.gsmart.pipeline.DataPipeline - [ETAPA 1/3] Buscando dados da fonte...
17:02:45.881 [Thread-0] INFO  com.gsmart.pipeline.DataPipeline - --- Iniciando novo ciclo de processamento em 2025-07-02T17:02:45.8810778-03:00 ---
17:02:45.881 [Thread-0] INFO  com.gsmart.pipeline.DataPipeline - [ETAPA 1/3] Buscando dados da fonte...
17:02:51.358 [Thread-0] INFO  com.gsmart.pipeline.DataPipeline - --- Iniciando novo ciclo de processamento em 2025-07-02T17:02:51.3580882-03:00 ---
17:02:51.358 [Thread-0] INFO  com.gsmart.pipeline.DataPipeline - [ETAPA 1/3] Buscando dados da fonte...
17:02:56.834 [Thread-0] INFO  com.gsmart.pipeline.DataPipeline - --- Iniciando novo ciclo de processamento em 2025-07-02T17:02:56.8340937-03:00 ---
17:02:56.834 [Thread-0] INFO  com.gsmart.pipeline.DataPipeline - [ETAPA 1/3] Buscando dados da fonte...
17:03:02.512 [Thread-0] INFO  com.gsmart.pipeline.DataPipeline - --- Iniciando novo ciclo de processamento em 2025-07-02T17:03:02.5120779-03:00 ---
17:03:02.512 [Thread-0] INFO  com.gsmart.pipeline.DataPipeline - [ETAPA 1/3] Buscando dados da fonte...
17:03:08.034 [Thread-0] INFO  com.gsmart.pipeline.DataPipeline - --- Iniciando novo ciclo de processamento em 2025-07-02T17:03:08.0340775-03:00 ---
17:03:08.034 [Thread-0] INFO  com.gsmart.pipeline.DataPipeline - [ETAPA 1/3] Buscando dados da fonte...
17:03:13.578 [Thread-0] INFO  com.gsmart.pipeline.DataPipeline - --- Iniciando novo ciclo de processamento em 2025-07-02T17:03:13.5780776-03:00 ---
17:03:13.578 [Thread-0] INFO  com.gsmart.pipeline.DataPipeline - [ETAPA 1/3] Buscando dados da fonte...
17:03:19.210 [Thread-0] INFO  com.gsmart.pipeline.DataPipeline - --- Iniciando novo ciclo de processamento em 2025-07-02T17:03:19.2100775-03:00 ---
17:03:19.210 [Thread-0] INFO  com.gsmart.pipeline.DataPipeline - [ETAPA 1/3] Buscando dados da fonte...
17:03:24.752 [Thread-0] INFO  com.gsmart.pipeline.DataPipeline - --- Iniciando novo ciclo de processamento em 2025-07-02T17:03:24.7520944-03:00 ---
17:03:24.752 [Thread-0] INFO  com.gsmart.pipeline.DataPipeline - [ETAPA 1/3] Buscando dados da fonte...
17:03:30.313 [Thread-0] INFO  com.gsmart.pipeline.DataPipeline - --- Iniciando novo ciclo de processamento em 2025-07-02T17:03:30.3130803-03:00 ---
17:03:30.313 [Thread-0] INFO  com.gsmart.pipeline.DataPipeline - [ETAPA 1/3] Buscando dados da fonte...
17:13:26.747 [AWT-EventQueue-0] INFO  com.gsmart.GSmartGui - Carregando configurações salvas...
17:13:26.759 [AWT-EventQueue-0] INFO  com.gsmart.config.ConfigManager - Arquivo de configuração 'gsmart.properties' carregado com sucesso.
17:14:04.546 [SwingWorker-pool-1-thread-1] INFO  c.gsmart.sources.ThingsBoardSource - Autenticando no ThingsBoard em http://10.8.0.5:8080...
17:14:05.339 [SwingWorker-pool-1-thread-1] INFO  c.gsmart.sources.ThingsBoardSource - Autenticação bem-sucedida!
17:14:05.379 [SwingWorker-pool-1-thread-2] INFO  c.gsmart.sources.ThingsBoardSource - Autenticando no ThingsBoard em http://10.8.0.5:8080...
17:14:05.631 [SwingWorker-pool-1-thread-2] INFO  c.gsmart.sources.ThingsBoardSource - Autenticação bem-sucedida!
17:14:05.632 [SwingWorker-pool-1-thread-2] INFO  c.gsmart.sources.ThingsBoardSource - Buscando perfis de dispositivo...
17:14:05.754 [SwingWorker-pool-1-thread-2] INFO  c.gsmart.sources.ThingsBoardSource - Encontrados 2 perfis de dispositivo.
17:14:05.795 [SwingWorker-pool-1-thread-3] INFO  c.gsmart.sources.ThingsBoardSource - Autenticando no ThingsBoard em http://10.8.0.5:8080...
17:14:06.079 [SwingWorker-pool-1-thread-3] INFO  c.gsmart.sources.ThingsBoardSource - Autenticação bem-sucedida!
17:14:06.080 [SwingWorker-pool-1-thread-3] INFO  c.gsmart.sources.ThingsBoardSource - Buscando dispositivos para o perfil ID: fad253d0-e880-11ee-8358-1f8b80ee0580
17:14:06.193 [SwingWorker-pool-1-thread-3] INFO  c.gsmart.sources.ThingsBoardSource - Encontrados 7 dispositivos.
17:14:06.448 [SwingWorker-pool-1-thread-4] INFO  c.gsmart.sources.ThingsBoardSource - Autenticando no ThingsBoard em http://10.8.0.5:8080...
17:14:06.712 [SwingWorker-pool-1-thread-4] INFO  c.gsmart.sources.ThingsBoardSource - Autenticação bem-sucedida!
17:14:06.846 [AWT-EventQueue-0] INFO  com.gsmart.GSmartGui - Lógica de negócio temporariamente desativada por padrão.
17:14:10.688 [AWT-EventQueue-0] INFO  c.gsmart.sources.ThingsBoardSource - Autenticando no ThingsBoard em http://10.8.0.5:8080...
17:14:10.984 [AWT-EventQueue-0] INFO  c.gsmart.sources.ThingsBoardSource - Autenticação bem-sucedida!
17:14:10.988 [AWT-EventQueue-0] INFO  com.gsmart.pipeline.PipelineManager - Recebida ordem para lançar pipeline: ThingsBoard (Device: 06e109e0-e8ff-11ee-bb8b-2563c61db9b0)
17:14:11.014 [AWT-EventQueue-0] INFO  com.gsmart.pipeline.PipelineManager - Pipeline para 'ThingsBoard (Device: 06e109e0-e8ff-11ee-bb8b-2563c61db9b0)' iniciada em segundo plano.
17:14:11.015 [Thread-0] INFO  com.gsmart.pipeline.DataPipeline - 🚀 INICIANDO PIPELINE GENÉRICA COM FONTE: ThingsBoard (Device: 06e109e0-e8ff-11ee-bb8b-2563c61db9b0) 🚀
17:14:11.020 [Thread-0] INFO  com.gsmart.pipeline.DataPipeline - Execução da lógica de negócio: DESATIVADA
17:14:11.021 [Thread-0] INFO  com.gsmart.pipeline.DataPipeline - --- Iniciando novo ciclo de processamento em 2025-07-02T17:14:11.0207985-03:00 ---
17:14:11.021 [Thread-0] INFO  com.gsmart.pipeline.DataPipeline - [ETAPA 1/3] Buscando dados da fonte...
17:14:18.121 [Thread-0] INFO  com.gsmart.pipeline.DataPipeline - --- Iniciando novo ciclo de processamento em 2025-07-02T17:14:18.1217901-03:00 ---
17:14:18.121 [Thread-0] INFO  com.gsmart.pipeline.DataPipeline - [ETAPA 1/3] Buscando dados da fonte...
17:14:23.646 [Thread-0] INFO  com.gsmart.pipeline.DataPipeline - --- Iniciando novo ciclo de processamento em 2025-07-02T17:14:23.6468007-03:00 ---
17:14:23.646 [Thread-0] INFO  com.gsmart.pipeline.DataPipeline - [ETAPA 1/3] Buscando dados da fonte...
17:14:29.157 [Thread-0] INFO  com.gsmart.pipeline.DataPipeline - --- Iniciando novo ciclo de processamento em 2025-07-02T17:14:29.1578017-03:00 ---
17:14:29.157 [Thread-0] INFO  com.gsmart.pipeline.DataPipeline - [ETAPA 1/3] Buscando dados da fonte...
17:14:34.669 [Thread-0] INFO  com.gsmart.pipeline.DataPipeline - --- Iniciando novo ciclo de processamento em 2025-07-02T17:14:34.6697899-03:00 ---
17:14:34.669 [Thread-0] INFO  com.gsmart.pipeline.DataPipeline - [ETAPA 1/3] Buscando dados da fonte...
17:14:40.154 [Thread-0] INFO  com.gsmart.pipeline.DataPipeline - --- Iniciando novo ciclo de processamento em 2025-07-02T17:14:40.1547843-03:00 ---
17:14:40.154 [Thread-0] INFO  com.gsmart.pipeline.DataPipeline - [ETAPA 1/3] Buscando dados da fonte...
17:14:45.772 [Thread-0] INFO  com.gsmart.pipeline.DataPipeline - --- Iniciando novo ciclo de processamento em 2025-07-02T17:14:45.7725573-03:00 ---
17:14:45.772 [Thread-0] INFO  com.gsmart.pipeline.DataPipeline - [ETAPA 1/3] Buscando dados da fonte...
17:14:51.458 [Thread-0] INFO  com.gsmart.pipeline.DataPipeline - --- Iniciando novo ciclo de processamento em 2025-07-02T17:14:51.4585511-03:00 ---
17:14:51.458 [Thread-0] INFO  com.gsmart.pipeline.DataPipeline - [ETAPA 1/3] Buscando dados da fonte...
17:14:57.017 [Thread-0] INFO  com.gsmart.pipeline.DataPipeline - --- Iniciando novo ciclo de processamento em 2025-07-02T17:14:57.0175508-03:00 ---
17:14:57.017 [Thread-0] INFO  com.gsmart.pipeline.DataPipeline - [ETAPA 1/3] Buscando dados da fonte...
17:15:02.511 [Thread-0] INFO  com.gsmart.pipeline.DataPipeline - --- Iniciando novo ciclo de processamento em 2025-07-02T17:15:02.5115641-03:00 ---
17:15:02.511 [Thread-0] INFO  com.gsmart.pipeline.DataPipeline - [ETAPA 1/3] Buscando dados da fonte...
17:15:09.363 [Thread-0] INFO  com.gsmart.pipeline.DataPipeline - --- Iniciando novo ciclo de processamento em 2025-07-02T17:15:09.3635601-03:00 ---
17:15:09.363 [Thread-0] INFO  com.gsmart.pipeline.DataPipeline - [ETAPA 1/3] Buscando dados da fonte...
17:15:19.386 [Thread-0] ERROR com.gsmart.pipeline.DataPipeline - Falha na pipeline: Connect timed out
17:15:19.386 [Thread-0] INFO  c.gsmart.sources.ThingsBoardSource - Token de autenticação do ThingsBoard foi limpo devido a uma falha de conexão.
17:15:19.389 [Thread-0] INFO  ReconnectionLogger - CONEXÃO PERDIDA - Pipeline: ThingsBoard (Device: 06e109e0-e8ff-11ee-bb8b-2563c61db9b0)
17:15:24.390 [Thread-0] INFO  com.gsmart.pipeline.DataPipeline - Tentando reconectar...
17:15:24.390 [Thread-0] INFO  c.gsmart.sources.ThingsBoardSource - Autenticando no ThingsBoard em http://10.8.0.5:8080...
17:15:34.402 [Thread-0] ERROR com.gsmart.pipeline.DataPipeline - Tentativa de reconexão falhou: Connect timed out
17:15:34.402 [Thread-0] INFO  ReconnectionLogger - CONEXÃO PERDIDA - Pipeline: ThingsBoard (Device: 06e109e0-e8ff-11ee-bb8b-2563c61db9b0)
17:15:44.406 [Thread-0] INFO  com.gsmart.pipeline.DataPipeline - Tentando reconectar...
17:15:44.406 [Thread-0] INFO  c.gsmart.sources.ThingsBoardSource - Autenticando no ThingsBoard em http://10.8.0.5:8080...
17:15:54.410 [Thread-0] ERROR com.gsmart.pipeline.DataPipeline - Tentativa de reconexão falhou: Connect timed out
17:15:54.410 [Thread-0] INFO  ReconnectionLogger - CONEXÃO PERDIDA - Pipeline: ThingsBoard (Device: 06e109e0-e8ff-11ee-bb8b-2563c61db9b0)
17:16:09.411 [Thread-0] INFO  com.gsmart.pipeline.DataPipeline - Tentando reconectar...
17:16:09.411 [Thread-0] INFO  c.gsmart.sources.ThingsBoardSource - Autenticando no ThingsBoard em http://10.8.0.5:8080...
17:16:19.413 [Thread-0] ERROR com.gsmart.pipeline.DataPipeline - Tentativa de reconexão falhou: Connect timed out
17:16:19.413 [Thread-0] INFO  ReconnectionLogger - CONEXÃO PERDIDA - Pipeline: ThingsBoard (Device: 06e109e0-e8ff-11ee-bb8b-2563c61db9b0)
17:16:39.414 [Thread-0] INFO  com.gsmart.pipeline.DataPipeline - Tentando reconectar...
17:16:39.414 [Thread-0] INFO  c.gsmart.sources.ThingsBoardSource - Autenticando no ThingsBoard em http://10.8.0.5:8080...
17:16:39.751 [Thread-0] INFO  c.gsmart.sources.ThingsBoardSource - Autenticação bem-sucedida!
17:16:39.847 [Thread-0] INFO  ReconnectionLogger - CONEXÃO RESTABELECIDA - Pipeline: ThingsBoard (Device: 06e109e0-e8ff-11ee-bb8b-2563c61db9b0)
17:16:39.847 [Thread-0] INFO  com.gsmart.pipeline.DataPipeline - Conexão restaurada. Retomando operação normal.
17:16:39.848 [Thread-0] INFO  com.gsmart.pipeline.DataPipeline - --- Iniciando novo ciclo de processamento em 2025-07-02T17:16:39.8482682-03:00 ---
17:16:39.848 [Thread-0] INFO  com.gsmart.pipeline.DataPipeline - [ETAPA 1/3] Buscando dados da fonte...
17:16:45.529 [Thread-0] INFO  com.gsmart.pipeline.DataPipeline - --- Iniciando novo ciclo de processamento em 2025-07-02T17:16:45.5299608-03:00 ---
17:16:45.529 [Thread-0] INFO  com.gsmart.pipeline.DataPipeline - [ETAPA 1/3] Buscando dados da fonte...
17:16:51.093 [Thread-0] INFO  com.gsmart.pipeline.DataPipeline - --- Iniciando novo ciclo de processamento em 2025-07-02T17:16:51.0939076-03:00 ---
17:16:51.093 [Thread-0] INFO  com.gsmart.pipeline.DataPipeline - [ETAPA 1/3] Buscando dados da fonte...
17:16:57.157 [Thread-0] INFO  com.gsmart.pipeline.DataPipeline - --- Iniciando novo ciclo de processamento em 2025-07-02T17:16:57.1578458-03:00 ---
17:16:57.157 [Thread-0] INFO  com.gsmart.pipeline.DataPipeline - [ETAPA 1/3] Buscando dados da fonte...
17:17:02.817 [Thread-0] INFO  com.gsmart.pipeline.DataPipeline - --- Iniciando novo ciclo de processamento em 2025-07-02T17:17:02.8178458-03:00 ---
17:17:02.817 [Thread-0] INFO  com.gsmart.pipeline.DataPipeline - [ETAPA 1/3] Buscando dados da fonte...
17:17:08.327 [Thread-0] INFO  com.gsmart.pipeline.DataPipeline - --- Iniciando novo ciclo de processamento em 2025-07-02T17:17:08.3278459-03:00 ---
17:17:08.327 [Thread-0] INFO  com.gsmart.pipeline.DataPipeline - [ETAPA 1/3] Buscando dados da fonte...
17:17:13.825 [Thread-0] INFO  com.gsmart.pipeline.DataPipeline - --- Iniciando novo ciclo de processamento em 2025-07-02T17:17:13.8258534-03:00 ---
17:17:13.825 [Thread-0] INFO  com.gsmart.pipeline.DataPipeline - [ETAPA 1/3] Buscando dados da fonte...
17:17:19.438 [Thread-0] INFO  com.gsmart.pipeline.DataPipeline - --- Iniciando novo ciclo de processamento em 2025-07-02T17:17:19.4388469-03:00 ---
17:17:19.438 [Thread-0] INFO  com.gsmart.pipeline.DataPipeline - [ETAPA 1/3] Buscando dados da fonte...
17:17:24.989 [Thread-0] INFO  com.gsmart.pipeline.DataPipeline - --- Iniciando novo ciclo de processamento em 2025-07-02T17:17:24.9898542-03:00 ---
17:17:24.989 [Thread-0] INFO  com.gsmart.pipeline.DataPipeline - [ETAPA 1/3] Buscando dados da fonte...
17:17:30.512 [Thread-0] INFO  com.gsmart.pipeline.DataPipeline - --- Iniciando novo ciclo de processamento em 2025-07-02T17:17:30.5128458-03:00 ---
17:17:30.512 [Thread-0] INFO  com.gsmart.pipeline.DataPipeline - [ETAPA 1/3] Buscando dados da fonte...
17:17:35.986 [Thread-0] INFO  com.gsmart.pipeline.DataPipeline - --- Iniciando novo ciclo de processamento em 2025-07-02T17:17:35.9868709-03:00 ---
17:17:35.987 [Thread-0] INFO  com.gsmart.pipeline.DataPipeline - [ETAPA 1/3] Buscando dados da fonte...
17:17:41.506 [Thread-0] INFO  com.gsmart.pipeline.DataPipeline - --- Iniciando novo ciclo de processamento em 2025-07-02T17:17:41.5068462-03:00 ---
17:17:41.506 [Thread-0] INFO  com.gsmart.pipeline.DataPipeline - [ETAPA 1/3] Buscando dados da fonte...
17:17:47.323 [Thread-0] INFO  com.gsmart.pipeline.DataPipeline - --- Iniciando novo ciclo de processamento em 2025-07-02T17:17:47.3238481-03:00 ---
17:17:47.323 [Thread-0] INFO  com.gsmart.pipeline.DataPipeline - [ETAPA 1/3] Buscando dados da fonte...
17:17:53.033 [Thread-0] INFO  com.gsmart.pipeline.DataPipeline - --- Iniciando novo ciclo de processamento em 2025-07-02T17:17:53.0338519-03:00 ---
17:17:53.033 [Thread-0] INFO  com.gsmart.pipeline.DataPipeline - [ETAPA 1/3] Buscando dados da fonte...
17:17:58.717 [Thread-0] INFO  com.gsmart.pipeline.DataPipeline - --- Iniciando novo ciclo de processamento em 2025-07-02T17:17:58.717859-03:00 ---
17:17:58.717 [Thread-0] INFO  com.gsmart.pipeline.DataPipeline - [ETAPA 1/3] Buscando dados da fonte...
17:18:04.239 [Thread-0] INFO  com.gsmart.pipeline.DataPipeline - --- Iniciando novo ciclo de processamento em 2025-07-02T17:18:04.2398459-03:00 ---
17:18:04.239 [Thread-0] INFO  com.gsmart.pipeline.DataPipeline - [ETAPA 1/3] Buscando dados da fonte...
17:18:09.826 [Thread-0] INFO  com.gsmart.pipeline.DataPipeline - --- Iniciando novo ciclo de processamento em 2025-07-02T17:18:09.8268497-03:00 ---
17:18:09.826 [Thread-0] INFO  com.gsmart.pipeline.DataPipeline - [ETAPA 1/3] Buscando dados da fonte...
17:18:15.405 [Thread-0] INFO  com.gsmart.pipeline.DataPipeline - --- Iniciando novo ciclo de processamento em 2025-07-02T17:18:15.4058467-03:00 ---
17:18:15.405 [Thread-0] INFO  com.gsmart.pipeline.DataPipeline - [ETAPA 1/3] Buscando dados da fonte...
17:18:20.933 [Thread-0] INFO  com.gsmart.pipeline.DataPipeline - --- Iniciando novo ciclo de processamento em 2025-07-02T17:18:20.9338495-03:00 ---
17:18:20.933 [Thread-0] INFO  com.gsmart.pipeline.DataPipeline - [ETAPA 1/3] Buscando dados da fonte...
17:18:26.561 [Thread-0] INFO  com.gsmart.pipeline.DataPipeline - --- Iniciando novo ciclo de processamento em 2025-07-02T17:18:26.5618557-03:00 ---
17:18:26.562 [Thread-0] INFO  com.gsmart.pipeline.DataPipeline - [ETAPA 1/3] Buscando dados da fonte...
17:18:32.142 [Thread-0] INFO  com.gsmart.pipeline.DataPipeline - --- Iniciando novo ciclo de processamento em 2025-07-02T17:18:32.1428514-03:00 ---
17:18:32.142 [Thread-0] INFO  com.gsmart.pipeline.DataPipeline - [ETAPA 1/3] Buscando dados da fonte...
17:18:37.694 [Thread-0] INFO  com.gsmart.pipeline.DataPipeline - --- Iniciando novo ciclo de processamento em 2025-07-02T17:18:37.6946584-03:00 ---
17:18:37.694 [Thread-0] INFO  com.gsmart.pipeline.DataPipeline - [ETAPA 1/3] Buscando dados da fonte...
17:18:43.183 [Thread-0] INFO  com.gsmart.pipeline.DataPipeline - --- Iniciando novo ciclo de processamento em 2025-07-02T17:18:43.1833307-03:00 ---
17:18:43.183 [Thread-0] INFO  com.gsmart.pipeline.DataPipeline - [ETAPA 1/3] Buscando dados da fonte...
17:18:48.714 [Thread-0] INFO  com.gsmart.pipeline.DataPipeline - --- Iniciando novo ciclo de processamento em 2025-07-02T17:18:48.7143179-03:00 ---
17:18:48.714 [Thread-0] INFO  com.gsmart.pipeline.DataPipeline - [ETAPA 1/3] Buscando dados da fonte...
17:18:54.297 [Thread-0] INFO  com.gsmart.pipeline.DataPipeline - --- Iniciando novo ciclo de processamento em 2025-07-02T17:18:54.2973257-03:00 ---
17:18:54.297 [Thread-0] INFO  com.gsmart.pipeline.DataPipeline - [ETAPA 1/3] Buscando dados da fonte...
17:18:59.991 [Thread-0] INFO  com.gsmart.pipeline.DataPipeline - --- Iniciando novo ciclo de processamento em 2025-07-02T17:18:59.9913284-03:00 ---
17:18:59.991 [Thread-0] INFO  com.gsmart.pipeline.DataPipeline - [ETAPA 1/3] Buscando dados da fonte...
17:19:05.486 [Thread-0] INFO  com.gsmart.pipeline.DataPipeline - --- Iniciando novo ciclo de processamento em 2025-07-02T17:19:05.48632-03:00 ---
17:19:05.486 [Thread-0] INFO  com.gsmart.pipeline.DataPipeline - [ETAPA 1/3] Buscando dados da fonte...
17:19:11.037 [Thread-0] INFO  com.gsmart.pipeline.DataPipeline - --- Iniciando novo ciclo de processamento em 2025-07-02T17:19:11.0373268-03:00 ---
17:19:11.037 [Thread-0] INFO  com.gsmart.pipeline.DataPipeline - [ETAPA 1/3] Buscando dados da fonte...
17:19:16.595 [Thread-0] INFO  com.gsmart.pipeline.DataPipeline - --- Iniciando novo ciclo de processamento em 2025-07-02T17:19:16.5953283-03:00 ---
17:19:16.595 [Thread-0] INFO  com.gsmart.pipeline.DataPipeline - [ETAPA 1/3] Buscando dados da fonte...
17:19:22.321 [Thread-0] INFO  com.gsmart.pipeline.DataPipeline - --- Iniciando novo ciclo de processamento em 2025-07-02T17:19:22.3213273-03:00 ---
17:19:22.321 [Thread-0] INFO  com.gsmart.pipeline.DataPipeline - [ETAPA 1/3] Buscando dados da fonte...
17:19:27.871 [Thread-0] INFO  com.gsmart.pipeline.DataPipeline - --- Iniciando novo ciclo de processamento em 2025-07-02T17:19:27.871324-03:00 ---
17:19:27.871 [Thread-0] INFO  com.gsmart.pipeline.DataPipeline - [ETAPA 1/3] Buscando dados da fonte...
17:19:34.532 [Thread-0] INFO  com.gsmart.pipeline.DataPipeline - --- Iniciando novo ciclo de processamento em 2025-07-02T17:19:34.5323186-03:00 ---
17:19:34.532 [Thread-0] INFO  com.gsmart.pipeline.DataPipeline - [ETAPA 1/3] Buscando dados da fonte...
17:19:40.095 [Thread-0] INFO  com.gsmart.pipeline.DataPipeline - --- Iniciando novo ciclo de processamento em 2025-07-02T17:19:40.0953447-03:00 ---
17:19:40.096 [Thread-0] INFO  com.gsmart.pipeline.DataPipeline - [ETAPA 1/3] Buscando dados da fonte...
17:19:45.648 [Thread-0] INFO  com.gsmart.pipeline.DataPipeline - --- Iniciando novo ciclo de processamento em 2025-07-02T17:19:45.6483275-03:00 ---
17:19:45.648 [Thread-0] INFO  com.gsmart.pipeline.DataPipeline - [ETAPA 1/3] Buscando dados da fonte...
17:19:51.250 [Thread-0] INFO  com.gsmart.pipeline.DataPipeline - --- Iniciando novo ciclo de processamento em 2025-07-02T17:19:51.2503572-03:00 ---
17:19:51.250 [Thread-0] INFO  com.gsmart.pipeline.DataPipeline - [ETAPA 1/3] Buscando dados da fonte...
17:19:56.811 [Thread-0] INFO  com.gsmart.pipeline.DataPipeline - --- Iniciando novo ciclo de processamento em 2025-07-02T17:19:56.8113182-03:00 ---
17:19:56.811 [Thread-0] INFO  com.gsmart.pipeline.DataPipeline - [ETAPA 1/3] Buscando dados da fonte...
17:20:02.317 [Thread-0] INFO  com.gsmart.pipeline.DataPipeline - --- Iniciando novo ciclo de processamento em 2025-07-02T17:20:02.3173193-03:00 ---
17:20:02.317 [Thread-0] INFO  com.gsmart.pipeline.DataPipeline - [ETAPA 1/3] Buscando dados da fonte...
17:20:07.976 [Thread-0] INFO  com.gsmart.pipeline.DataPipeline - --- Iniciando novo ciclo de processamento em 2025-07-02T17:20:07.9763402-03:00 ---
17:20:07.976 [Thread-0] INFO  com.gsmart.pipeline.DataPipeline - [ETAPA 1/3] Buscando dados da fonte...
17:20:13.492 [Thread-0] INFO  com.gsmart.pipeline.DataPipeline - --- Iniciando novo ciclo de processamento em 2025-07-02T17:20:13.4923183-03:00 ---
17:20:13.492 [Thread-0] INFO  com.gsmart.pipeline.DataPipeline - [ETAPA 1/3] Buscando dados da fonte...
17:20:19.011 [Thread-0] INFO  com.gsmart.pipeline.DataPipeline - --- Iniciando novo ciclo de processamento em 2025-07-02T17:20:19.0113276-03:00 ---
17:20:19.011 [Thread-0] INFO  com.gsmart.pipeline.DataPipeline - [ETAPA 1/3] Buscando dados da fonte...
17:20:24.521 [Thread-0] INFO  com.gsmart.pipeline.DataPipeline - --- Iniciando novo ciclo de processamento em 2025-07-02T17:20:24.5213183-03:00 ---
17:20:24.521 [Thread-0] INFO  com.gsmart.pipeline.DataPipeline - [ETAPA 1/3] Buscando dados da fonte...
17:20:30.013 [Thread-0] INFO  com.gsmart.pipeline.DataPipeline - --- Iniciando novo ciclo de processamento em 2025-07-02T17:20:30.0133261-03:00 ---
17:20:30.013 [Thread-0] INFO  com.gsmart.pipeline.DataPipeline - [ETAPA 1/3] Buscando dados da fonte...
17:20:35.515 [Thread-0] INFO  com.gsmart.pipeline.DataPipeline - --- Iniciando novo ciclo de processamento em 2025-07-02T17:20:35.5153227-03:00 ---
17:20:35.515 [Thread-0] INFO  com.gsmart.pipeline.DataPipeline - [ETAPA 1/3] Buscando dados da fonte...
17:20:41.318 [Thread-0] INFO  com.gsmart.pipeline.DataPipeline - --- Iniciando novo ciclo de processamento em 2025-07-02T17:20:41.3183185-03:00 ---
17:20:41.318 [Thread-0] INFO  com.gsmart.pipeline.DataPipeline - [ETAPA 1/3] Buscando dados da fonte...
17:20:46.825 [Thread-0] INFO  com.gsmart.pipeline.DataPipeline - --- Iniciando novo ciclo de processamento em 2025-07-02T17:20:46.8253416-03:00 ---
17:20:46.826 [Thread-0] INFO  com.gsmart.pipeline.DataPipeline - [ETAPA 1/3] Buscando dados da fonte...
17:23:28.100 [AWT-EventQueue-0] INFO  com.gsmart.GSmartGui - Carregando configurações salvas...
17:23:28.108 [AWT-EventQueue-0] INFO  com.gsmart.config.ConfigManager - Arquivo de configuração 'gsmart.properties' carregado com sucesso.
17:23:59.356 [SwingWorker-pool-1-thread-1] INFO  c.gsmart.sources.ThingsBoardSource - Autenticando no ThingsBoard em http://10.8.0.5:8080...
17:24:00.112 [SwingWorker-pool-1-thread-1] INFO  c.gsmart.sources.ThingsBoardSource - Autenticação bem-sucedida!
17:24:00.154 [SwingWorker-pool-1-thread-2] INFO  c.gsmart.sources.ThingsBoardSource - Autenticando no ThingsBoard em http://10.8.0.5:8080...
17:24:00.424 [SwingWorker-pool-1-thread-2] INFO  c.gsmart.sources.ThingsBoardSource - Autenticação bem-sucedida!
17:24:00.425 [SwingWorker-pool-1-thread-2] INFO  c.gsmart.sources.ThingsBoardSource - Buscando perfis de dispositivo...
17:24:00.538 [SwingWorker-pool-1-thread-2] INFO  c.gsmart.sources.ThingsBoardSource - Encontrados 2 perfis de dispositivo.
17:24:00.578 [SwingWorker-pool-1-thread-3] INFO  c.gsmart.sources.ThingsBoardSource - Autenticando no ThingsBoard em http://10.8.0.5:8080...
17:24:00.993 [SwingWorker-pool-1-thread-3] INFO  c.gsmart.sources.ThingsBoardSource - Autenticação bem-sucedida!
17:24:00.993 [SwingWorker-pool-1-thread-3] INFO  c.gsmart.sources.ThingsBoardSource - Buscando dispositivos para o perfil ID: fad253d0-e880-11ee-8358-1f8b80ee0580
17:24:01.103 [SwingWorker-pool-1-thread-3] INFO  c.gsmart.sources.ThingsBoardSource - Encontrados 7 dispositivos.
17:24:11.354 [SwingWorker-pool-1-thread-4] INFO  c.gsmart.sources.ThingsBoardSource - Autenticando no ThingsBoard em http://10.8.0.5:8080...
17:24:11.614 [SwingWorker-pool-1-thread-4] INFO  c.gsmart.sources.ThingsBoardSource - Autenticação bem-sucedida!
17:24:11.733 [AWT-EventQueue-0] INFO  com.gsmart.GSmartGui - Lógica de negócio temporariamente desativada por padrão.
17:24:23.840 [AWT-EventQueue-0] INFO  c.gsmart.sources.ThingsBoardSource - Autenticando no ThingsBoard em http://10.8.0.5:8080...
17:24:24.096 [AWT-EventQueue-0] INFO  c.gsmart.sources.ThingsBoardSource - Autenticação bem-sucedida!
17:24:24.100 [AWT-EventQueue-0] INFO  com.gsmart.pipeline.PipelineManager - Recebida ordem para lançar pipeline: ThingsBoard (Device: 06e109e0-e8ff-11ee-bb8b-2563c61db9b0)
17:24:24.128 [AWT-EventQueue-0] INFO  com.gsmart.pipeline.PipelineManager - Pipeline para 'ThingsBoard (Device: 06e109e0-e8ff-11ee-bb8b-2563c61db9b0)' iniciada em segundo plano.
17:24:24.129 [Thread-0] INFO  com.gsmart.pipeline.DataPipeline - 🚀 INICIANDO PIPELINE GENÉRICA COM FONTE: ThingsBoard (Device: 06e109e0-e8ff-11ee-bb8b-2563c61db9b0) 🚀
17:24:24.135 [Thread-0] INFO  com.gsmart.pipeline.DataPipeline - Execução da lógica de negócio: DESATIVADA
17:24:24.136 [Thread-0] INFO  com.gsmart.pipeline.DataPipeline - --- Iniciando novo ciclo de processamento em 2025-07-02T17:24:24.1363254-03:00 ---
17:24:24.137 [Thread-0] INFO  com.gsmart.pipeline.DataPipeline - [ETAPA 1/3] Buscando dados da fonte...
17:24:26.169 [Thread-0] ERROR com.gsmart.pipeline.DataPipeline - Falha na pipeline: Falha ao enviar dados para o Power BI. Código: 404 | Not Found - {"error":{"code":"ItemNotFound","message":"Column '<pi>NCRC</pi>' was not found in specified table, dataset 'sobe_wowvirtualserver|b8512173-e419-4a24-9559-2f9f52935190'"}}
17:24:26.169 [Thread-0] INFO  c.gsmart.sources.ThingsBoardSource - Token de autenticação do ThingsBoard foi limpo devido a uma falha de conexão.
17:24:26.174 [Thread-0] INFO  ReconnectionLogger - CONEXÃO PERDIDA - Pipeline: ThingsBoard (Device: 06e109e0-e8ff-11ee-bb8b-2563c61db9b0)
17:24:28.668 [Thread-0] WARN  com.gsmart.pipeline.DataPipeline - Sinal de interrupção recebido durante a reconexão. Encerrando a pipeline...
17:24:28.668 [Thread-0] INFO  com.gsmart.pipeline.DataPipeline - Execução da pipeline para ThingsBoard (Device: 06e109e0-e8ff-11ee-bb8b-2563c61db9b0) finalizada.
17:24:28.669 [Thread-0] INFO  com.gsmart.pipeline.PipelineManager - Pipeline thread para 'ThingsBoard (Device: 06e109e0-e8ff-11ee-bb8b-2563c61db9b0)' foi finalizada.
17:24:28.687 [AWT-EventQueue-0] INFO  com.gsmart.pipeline.DataPipeline - Comando de parada processado para a tarefa 'ThingsBoard (Device: 06e109e0-e8ff-11ee-bb8b-2563c61db9b0)'.
17:24:35.627 [AWT-EventQueue-0] INFO  c.gsmart.sources.ThingsBoardSource - Autenticando no ThingsBoard em http://10.8.0.5:8080...
17:24:35.914 [AWT-EventQueue-0] INFO  c.gsmart.sources.ThingsBoardSource - Autenticação bem-sucedida!
17:24:35.915 [AWT-EventQueue-0] INFO  com.gsmart.pipeline.PipelineManager - Recebida ordem para lançar pipeline: ThingsBoard (Device: 06e109e0-e8ff-11ee-bb8b-2563c61db9b0)
17:24:35.915 [AWT-EventQueue-0] INFO  com.gsmart.pipeline.PipelineManager - Pipeline para 'ThingsBoard (Device: 06e109e0-e8ff-11ee-bb8b-2563c61db9b0)' iniciada em segundo plano.
17:24:35.930 [Thread-1] INFO  com.gsmart.pipeline.DataPipeline - 🚀 INICIANDO PIPELINE GENÉRICA COM FONTE: ThingsBoard (Device: 06e109e0-e8ff-11ee-bb8b-2563c61db9b0) 🚀
17:24:35.931 [Thread-1] INFO  com.gsmart.pipeline.DataPipeline - Execução da lógica de negócio: DESATIVADA
17:24:35.931 [Thread-1] INFO  com.gsmart.pipeline.DataPipeline - --- Iniciando novo ciclo de processamento em 2025-07-02T17:24:35.9313207-03:00 ---
17:24:35.932 [Thread-1] INFO  com.gsmart.pipeline.DataPipeline - [ETAPA 1/3] Buscando dados da fonte...
17:24:41.520 [Thread-1] INFO  com.gsmart.pipeline.DataPipeline - --- Iniciando novo ciclo de processamento em 2025-07-02T17:24:41.5203254-03:00 ---
17:24:41.520 [Thread-1] INFO  com.gsmart.pipeline.DataPipeline - [ETAPA 1/3] Buscando dados da fonte...
17:24:44.842 [AWT-EventQueue-0] INFO  com.gsmart.pipeline.PipelineManager - Criando/Recriando janela de monitoramento para: ThingsBoard (Device: 06e109e0-e8ff-11ee-bb8b-2563c61db9b0)
17:24:47.173 [Thread-1] INFO  com.gsmart.pipeline.DataPipeline - --- Iniciando novo ciclo de processamento em 2025-07-02T17:24:47.1733219-03:00 ---
17:24:47.173 [Thread-1] INFO  com.gsmart.pipeline.DataPipeline - [ETAPA 1/3] Buscando dados da fonte...
17:24:48.515 [AWT-EventQueue-0] INFO  com.gsmart.windows.MonitoringWindow - Janela de monitoramento 'Monitor: ThingsBoard (Device: 06e109e0-e8ff-11ee-bb8b-2563c61db9b0)' fechada pelo usuário via 'X'.
17:24:52.706 [Thread-1] INFO  com.gsmart.pipeline.DataPipeline - --- Iniciando novo ciclo de processamento em 2025-07-02T17:24:52.7063214-03:00 ---
17:24:52.706 [Thread-1] INFO  com.gsmart.pipeline.DataPipeline - [ETAPA 1/3] Buscando dados da fonte...
17:24:58.236 [Thread-1] INFO  com.gsmart.pipeline.DataPipeline - --- Iniciando novo ciclo de processamento em 2025-07-02T17:24:58.2363259-03:00 ---
17:24:58.236 [Thread-1] INFO  com.gsmart.pipeline.DataPipeline - [ETAPA 1/3] Buscando dados da fonte...
17:25:04.101 [Thread-1] INFO  com.gsmart.pipeline.DataPipeline - --- Iniciando novo ciclo de processamento em 2025-07-02T17:25:04.1011313-03:00 ---
17:25:04.101 [Thread-1] INFO  com.gsmart.pipeline.DataPipeline - [ETAPA 1/3] Buscando dados da fonte...
17:25:09.596 [Thread-1] INFO  com.gsmart.pipeline.DataPipeline - --- Iniciando novo ciclo de processamento em 2025-07-02T17:25:09.5961332-03:00 ---
17:25:09.596 [Thread-1] INFO  com.gsmart.pipeline.DataPipeline - [ETAPA 1/3] Buscando dados da fonte...
17:25:19.624 [Thread-1] ERROR com.gsmart.pipeline.DataPipeline - Falha na pipeline: Connect timed out
17:25:19.624 [Thread-1] INFO  c.gsmart.sources.ThingsBoardSource - Token de autenticação do ThingsBoard foi limpo devido a uma falha de conexão.
17:25:19.624 [Thread-1] INFO  ReconnectionLogger - CONEXÃO PERDIDA - Pipeline: ThingsBoard (Device: 06e109e0-e8ff-11ee-bb8b-2563c61db9b0)
17:25:24.626 [Thread-1] INFO  com.gsmart.pipeline.DataPipeline - Tentando reconectar...
17:25:24.626 [Thread-1] INFO  c.gsmart.sources.ThingsBoardSource - Autenticando no ThingsBoard em http://10.8.0.5:8080...
17:25:34.632 [Thread-1] ERROR com.gsmart.pipeline.DataPipeline - Tentativa de reconexão falhou: Connect timed out
17:25:34.632 [Thread-1] INFO  ReconnectionLogger - CONEXÃO PERDIDA - Pipeline: ThingsBoard (Device: 06e109e0-e8ff-11ee-bb8b-2563c61db9b0)
17:25:44.637 [Thread-1] INFO  com.gsmart.pipeline.DataPipeline - Tentando reconectar...
17:25:44.637 [Thread-1] INFO  c.gsmart.sources.ThingsBoardSource - Autenticando no ThingsBoard em http://10.8.0.5:8080...
17:25:54.640 [Thread-1] ERROR com.gsmart.pipeline.DataPipeline - Tentativa de reconexão falhou: Connect timed out
17:25:54.640 [Thread-1] INFO  ReconnectionLogger - CONEXÃO PERDIDA - Pipeline: ThingsBoard (Device: 06e109e0-e8ff-11ee-bb8b-2563c61db9b0)
17:26:09.642 [Thread-1] INFO  com.gsmart.pipeline.DataPipeline - Tentando reconectar...
17:26:09.642 [Thread-1] INFO  c.gsmart.sources.ThingsBoardSource - Autenticando no ThingsBoard em http://10.8.0.5:8080...
17:26:19.645 [Thread-1] ERROR com.gsmart.pipeline.DataPipeline - Tentativa de reconexão falhou: Connect timed out
17:26:19.645 [Thread-1] INFO  ReconnectionLogger - CONEXÃO PERDIDA - Pipeline: ThingsBoard (Device: 06e109e0-e8ff-11ee-bb8b-2563c61db9b0)
17:26:21.700 [AWT-EventQueue-0] INFO  com.gsmart.pipeline.DataPipeline - Sinal de reconexão manual recebido.
17:26:39.647 [Thread-1] INFO  com.gsmart.pipeline.DataPipeline - Tentando reconectar...
17:26:39.647 [Thread-1] INFO  c.gsmart.sources.ThingsBoardSource - Autenticando no ThingsBoard em http://10.8.0.5:8080...
17:26:40.021 [Thread-1] INFO  c.gsmart.sources.ThingsBoardSource - Autenticação bem-sucedida!
17:26:40.119 [Thread-1] INFO  ReconnectionLogger - CONEXÃO RESTABELECIDA - Pipeline: ThingsBoard (Device: 06e109e0-e8ff-11ee-bb8b-2563c61db9b0)
17:26:40.119 [Thread-1] INFO  com.gsmart.pipeline.DataPipeline - Conexão restaurada. Retomando operação normal.
17:26:40.119 [Thread-1] INFO  com.gsmart.pipeline.DataPipeline - --- Iniciando novo ciclo de processamento em 2025-07-02T17:26:40.1191184-03:00 ---
17:26:40.119 [Thread-1] INFO  com.gsmart.pipeline.DataPipeline - [ETAPA 1/3] Buscando dados da fonte...
17:26:45.784 [Thread-1] INFO  com.gsmart.pipeline.DataPipeline - --- Iniciando novo ciclo de processamento em 2025-07-02T17:26:45.7841238-03:00 ---
17:26:45.784 [Thread-1] INFO  com.gsmart.pipeline.DataPipeline - [ETAPA 1/3] Buscando dados da fonte...
17:26:51.353 [Thread-1] INFO  com.gsmart.pipeline.DataPipeline - --- Iniciando novo ciclo de processamento em 2025-07-02T17:26:51.3531249-03:00 ---
17:26:51.353 [Thread-1] INFO  com.gsmart.pipeline.DataPipeline - [ETAPA 1/3] Buscando dados da fonte...
17:26:56.876 [Thread-1] INFO  com.gsmart.pipeline.DataPipeline - --- Iniciando novo ciclo de processamento em 2025-07-02T17:26:56.8761292-03:00 ---
17:26:56.876 [Thread-1] INFO  com.gsmart.pipeline.DataPipeline - [ETAPA 1/3] Buscando dados da fonte...
17:27:02.398 [Thread-1] INFO  com.gsmart.pipeline.DataPipeline - --- Iniciando novo ciclo de processamento em 2025-07-02T17:27:02.3981279-03:00 ---
17:27:02.398 [Thread-1] INFO  com.gsmart.pipeline.DataPipeline - [ETAPA 1/3] Buscando dados da fonte...
17:27:08.146 [Thread-1] INFO  com.gsmart.pipeline.DataPipeline - --- Iniciando novo ciclo de processamento em 2025-07-02T17:27:08.1461318-03:00 ---
17:27:08.146 [Thread-1] INFO  com.gsmart.pipeline.DataPipeline - [ETAPA 1/3] Buscando dados da fonte...
17:27:13.713 [Thread-1] INFO  com.gsmart.pipeline.DataPipeline - --- Iniciando novo ciclo de processamento em 2025-07-02T17:27:13.7131317-03:00 ---
17:27:13.713 [Thread-1] INFO  com.gsmart.pipeline.DataPipeline - [ETAPA 1/3] Buscando dados da fonte...
17:27:19.368 [Thread-1] INFO  com.gsmart.pipeline.DataPipeline - --- Iniciando novo ciclo de processamento em 2025-07-02T17:27:19.3681232-03:00 ---
17:27:19.368 [Thread-1] INFO  com.gsmart.pipeline.DataPipeline - [ETAPA 1/3] Buscando dados da fonte...
17:27:24.887 [Thread-1] INFO  com.gsmart.pipeline.DataPipeline - --- Iniciando novo ciclo de processamento em 2025-07-02T17:27:24.8871265-03:00 ---
17:27:24.887 [Thread-1] INFO  com.gsmart.pipeline.DataPipeline - [ETAPA 1/3] Buscando dados da fonte...
17:27:30.397 [Thread-1] INFO  com.gsmart.pipeline.DataPipeline - --- Iniciando novo ciclo de processamento em 2025-07-02T17:27:30.3971194-03:00 ---
17:27:30.397 [Thread-1] INFO  com.gsmart.pipeline.DataPipeline - [ETAPA 1/3] Buscando dados da fonte...
17:27:35.876 [Thread-1] INFO  com.gsmart.pipeline.DataPipeline - --- Iniciando novo ciclo de processamento em 2025-07-02T17:27:35.8761282-03:00 ---
17:27:35.876 [Thread-1] INFO  com.gsmart.pipeline.DataPipeline - [ETAPA 1/3] Buscando dados da fonte...
17:27:41.386 [Thread-1] INFO  com.gsmart.pipeline.DataPipeline - --- Iniciando novo ciclo de processamento em 2025-07-02T17:27:41.3861189-03:00 ---
17:27:41.386 [Thread-1] INFO  com.gsmart.pipeline.DataPipeline - [ETAPA 1/3] Buscando dados da fonte...
17:27:46.921 [Thread-1] INFO  com.gsmart.pipeline.DataPipeline - --- Iniciando novo ciclo de processamento em 2025-07-02T17:27:46.9211289-03:00 ---
17:27:46.921 [Thread-1] INFO  com.gsmart.pipeline.DataPipeline - [ETAPA 1/3] Buscando dados da fonte...
17:27:52.626 [Thread-1] INFO  com.gsmart.pipeline.DataPipeline - --- Iniciando novo ciclo de processamento em 2025-07-02T17:27:52.6261151-03:00 ---
17:27:52.626 [Thread-1] INFO  com.gsmart.pipeline.DataPipeline - [ETAPA 1/3] Buscando dados da fonte...
17:27:58.088 [Thread-1] INFO  com.gsmart.pipeline.DataPipeline - --- Iniciando novo ciclo de processamento em 2025-07-02T17:27:58.0881193-03:00 ---
17:27:58.088 [Thread-1] INFO  com.gsmart.pipeline.DataPipeline - [ETAPA 1/3] Buscando dados da fonte...
17:28:03.609 [Thread-1] INFO  com.gsmart.pipeline.DataPipeline - --- Iniciando novo ciclo de processamento em 2025-07-02T17:28:03.6091227-03:00 ---
17:28:03.609 [Thread-1] INFO  com.gsmart.pipeline.DataPipeline - [ETAPA 1/3] Buscando dados da fonte...
17:28:09.156 [Thread-1] INFO  com.gsmart.pipeline.DataPipeline - --- Iniciando novo ciclo de processamento em 2025-07-02T17:28:09.1561194-03:00 ---
17:28:09.156 [Thread-1] INFO  com.gsmart.pipeline.DataPipeline - [ETAPA 1/3] Buscando dados da fonte...
17:28:14.695 [Thread-1] INFO  com.gsmart.pipeline.DataPipeline - --- Iniciando novo ciclo de processamento em 2025-07-02T17:28:14.6950053-03:00 ---
17:28:14.695 [Thread-1] INFO  com.gsmart.pipeline.DataPipeline - [ETAPA 1/3] Buscando dados da fonte...
17:28:20.306 [Thread-1] INFO  com.gsmart.pipeline.DataPipeline - --- Iniciando novo ciclo de processamento em 2025-07-02T17:28:20.3061301-03:00 ---
17:28:20.306 [Thread-1] INFO  com.gsmart.pipeline.DataPipeline - [ETAPA 1/3] Buscando dados da fonte...
17:28:25.993 [Thread-1] INFO  com.gsmart.pipeline.DataPipeline - --- Iniciando novo ciclo de processamento em 2025-07-02T17:28:25.9931276-03:00 ---
17:28:25.993 [Thread-1] INFO  com.gsmart.pipeline.DataPipeline - [ETAPA 1/3] Buscando dados da fonte...
17:28:31.526 [Thread-1] INFO  com.gsmart.pipeline.DataPipeline - --- Iniciando novo ciclo de processamento em 2025-07-02T17:28:31.5262061-03:00 ---
17:28:31.526 [Thread-1] INFO  com.gsmart.pipeline.DataPipeline - [ETAPA 1/3] Buscando dados da fonte...
17:28:37.080 [Thread-1] INFO  com.gsmart.pipeline.DataPipeline - --- Iniciando novo ciclo de processamento em 2025-07-02T17:28:37.0805069-03:00 ---
17:28:37.080 [Thread-1] INFO  com.gsmart.pipeline.DataPipeline - [ETAPA 1/3] Buscando dados da fonte...
17:28:42.622 [Thread-1] INFO  com.gsmart.pipeline.DataPipeline - --- Iniciando novo ciclo de processamento em 2025-07-02T17:28:42.6224999-03:00 ---
17:28:42.622 [Thread-1] INFO  com.gsmart.pipeline.DataPipeline - [ETAPA 1/3] Buscando dados da fonte...
17:28:48.139 [Thread-1] INFO  com.gsmart.pipeline.DataPipeline - --- Iniciando novo ciclo de processamento em 2025-07-02T17:28:48.1395077-03:00 ---
17:28:48.139 [Thread-1] INFO  com.gsmart.pipeline.DataPipeline - [ETAPA 1/3] Buscando dados da fonte...
17:28:53.679 [Thread-1] INFO  com.gsmart.pipeline.DataPipeline - --- Iniciando novo ciclo de processamento em 2025-07-02T17:28:53.6795078-03:00 ---
17:28:53.679 [Thread-1] INFO  com.gsmart.pipeline.DataPipeline - [ETAPA 1/3] Buscando dados da fonte...
17:28:59.254 [Thread-1] INFO  com.gsmart.pipeline.DataPipeline - --- Iniciando novo ciclo de processamento em 2025-07-02T17:28:59.2545138-03:00 ---
17:28:59.254 [Thread-1] INFO  com.gsmart.pipeline.DataPipeline - [ETAPA 1/3] Buscando dados da fonte...
17:29:04.748 [Thread-1] INFO  com.gsmart.pipeline.DataPipeline - --- Iniciando novo ciclo de processamento em 2025-07-02T17:29:04.7485043-03:00 ---
17:29:04.748 [Thread-1] INFO  com.gsmart.pipeline.DataPipeline - [ETAPA 1/3] Buscando dados da fonte...
17:29:10.269 [Thread-1] INFO  com.gsmart.pipeline.DataPipeline - --- Iniciando novo ciclo de processamento em 2025-07-02T17:29:10.2695075-03:00 ---
17:29:10.271 [Thread-1] INFO  com.gsmart.pipeline.DataPipeline - [ETAPA 1/3] Buscando dados da fonte...
17:29:15.777 [Thread-1] INFO  com.gsmart.pipeline.DataPipeline - --- Iniciando novo ciclo de processamento em 2025-07-02T17:29:15.7775076-03:00 ---
17:29:15.778 [Thread-1] INFO  com.gsmart.pipeline.DataPipeline - [ETAPA 1/3] Buscando dados da fonte...
17:29:21.315 [Thread-1] INFO  com.gsmart.pipeline.DataPipeline - --- Iniciando novo ciclo de processamento em 2025-07-02T17:29:21.3154994-03:00 ---
17:29:21.315 [Thread-1] INFO  com.gsmart.pipeline.DataPipeline - [ETAPA 1/3] Buscando dados da fonte...
17:29:27.059 [Thread-1] INFO  com.gsmart.pipeline.DataPipeline - --- Iniciando novo ciclo de processamento em 2025-07-02T17:29:27.0594996-03:00 ---
17:29:27.059 [Thread-1] INFO  com.gsmart.pipeline.DataPipeline - [ETAPA 1/3] Buscando dados da fonte...
17:29:32.877 [Thread-1] INFO  com.gsmart.pipeline.DataPipeline - --- Iniciando novo ciclo de processamento em 2025-07-02T17:29:32.8775382-03:00 ---
17:29:32.877 [Thread-1] INFO  com.gsmart.pipeline.DataPipeline - [ETAPA 1/3] Buscando dados da fonte...
17:29:38.428 [Thread-1] INFO  com.gsmart.pipeline.DataPipeline - --- Iniciando novo ciclo de processamento em 2025-07-02T17:29:38.4285314-03:00 ---
17:29:38.428 [Thread-1] INFO  com.gsmart.pipeline.DataPipeline - [ETAPA 1/3] Buscando dados da fonte...
17:29:43.935 [Thread-1] INFO  com.gsmart.pipeline.DataPipeline - --- Iniciando novo ciclo de processamento em 2025-07-02T17:29:43.9355033-03:00 ---
17:29:43.935 [Thread-1] INFO  com.gsmart.pipeline.DataPipeline - [ETAPA 1/3] Buscando dados da fonte...
17:29:49.428 [Thread-1] INFO  com.gsmart.pipeline.DataPipeline - --- Iniciando novo ciclo de processamento em 2025-07-02T17:29:49.4285026-03:00 ---
17:29:49.428 [Thread-1] INFO  com.gsmart.pipeline.DataPipeline - [ETAPA 1/3] Buscando dados da fonte...
17:29:54.972 [Thread-1] INFO  com.gsmart.pipeline.DataPipeline - --- Iniciando novo ciclo de processamento em 2025-07-02T17:29:54.9724995-03:00 ---
17:29:54.972 [Thread-1] INFO  com.gsmart.pipeline.DataPipeline - [ETAPA 1/3] Buscando dados da fonte...
17:30:00.504 [Thread-1] INFO  com.gsmart.pipeline.DataPipeline - --- Iniciando novo ciclo de processamento em 2025-07-02T17:30:00.5045065-03:00 ---
17:30:00.504 [Thread-1] INFO  com.gsmart.pipeline.DataPipeline - [ETAPA 1/3] Buscando dados da fonte...
17:30:06.291 [Thread-1] INFO  com.gsmart.pipeline.DataPipeline - --- Iniciando novo ciclo de processamento em 2025-07-02T17:30:06.2915092-03:00 ---
17:30:06.291 [Thread-1] INFO  com.gsmart.pipeline.DataPipeline - [ETAPA 1/3] Buscando dados da fonte...
17:30:11.813 [Thread-1] INFO  com.gsmart.pipeline.DataPipeline - --- Iniciando novo ciclo de processamento em 2025-07-02T17:30:11.8135069-03:00 ---
17:30:11.813 [Thread-1] INFO  com.gsmart.pipeline.DataPipeline - [ETAPA 1/3] Buscando dados da fonte...
17:30:17.342 [Thread-1] INFO  com.gsmart.pipeline.DataPipeline - --- Iniciando novo ciclo de processamento em 2025-07-02T17:30:17.3425139-03:00 ---
17:30:17.342 [Thread-1] INFO  com.gsmart.pipeline.DataPipeline - [ETAPA 1/3] Buscando dados da fonte...
17:30:22.884 [Thread-1] INFO  com.gsmart.pipeline.DataPipeline - --- Iniciando novo ciclo de processamento em 2025-07-02T17:30:22.8845011-03:00 ---
17:30:22.884 [Thread-1] INFO  com.gsmart.pipeline.DataPipeline - [ETAPA 1/3] Buscando dados da fonte...
17:30:28.467 [Thread-1] INFO  com.gsmart.pipeline.DataPipeline - --- Iniciando novo ciclo de processamento em 2025-07-02T17:30:28.4675285-03:00 ---
17:30:28.467 [Thread-1] INFO  com.gsmart.pipeline.DataPipeline - [ETAPA 1/3] Buscando dados da fonte...
17:30:34.233 [Thread-1] INFO  com.gsmart.pipeline.DataPipeline - --- Iniciando novo ciclo de processamento em 2025-07-02T17:30:34.2335198-03:00 ---
17:30:34.233 [Thread-1] INFO  com.gsmart.pipeline.DataPipeline - [ETAPA 1/3] Buscando dados da fonte...
17:30:39.892 [Thread-1] INFO  com.gsmart.pipeline.DataPipeline - --- Iniciando novo ciclo de processamento em 2025-07-02T17:30:39.8924674-03:00 ---
17:30:39.892 [Thread-1] INFO  com.gsmart.pipeline.DataPipeline - [ETAPA 1/3] Buscando dados da fonte...
17:30:45.407 [Thread-1] INFO  com.gsmart.pipeline.DataPipeline - --- Iniciando novo ciclo de processamento em 2025-07-02T17:30:45.4075136-03:00 ---
17:30:45.407 [Thread-1] INFO  com.gsmart.pipeline.DataPipeline - [ETAPA 1/3] Buscando dados da fonte...
17:30:50.989 [Thread-1] INFO  com.gsmart.pipeline.DataPipeline - --- Iniciando novo ciclo de processamento em 2025-07-02T17:30:50.9885097-03:00 ---
17:30:50.989 [Thread-1] INFO  com.gsmart.pipeline.DataPipeline - [ETAPA 1/3] Buscando dados da fonte...
17:30:56.581 [Thread-1] INFO  com.gsmart.pipeline.DataPipeline - --- Iniciando novo ciclo de processamento em 2025-07-02T17:30:56.5815014-03:00 ---
17:30:56.581 [Thread-1] INFO  com.gsmart.pipeline.DataPipeline - [ETAPA 1/3] Buscando dados da fonte...
17:31:02.028 [Thread-1] INFO  com.gsmart.pipeline.DataPipeline - --- Iniciando novo ciclo de processamento em 2025-07-02T17:31:02.0285071-03:00 ---
17:31:02.028 [Thread-1] INFO  com.gsmart.pipeline.DataPipeline - [ETAPA 1/3] Buscando dados da fonte...
17:31:07.530 [Thread-1] INFO  com.gsmart.pipeline.DataPipeline - --- Iniciando novo ciclo de processamento em 2025-07-02T17:31:07.5305163-03:00 ---
17:31:07.530 [Thread-1] INFO  com.gsmart.pipeline.DataPipeline - [ETAPA 1/3] Buscando dados da fonte...
17:31:13.201 [Thread-1] INFO  com.gsmart.pipeline.DataPipeline - --- Iniciando novo ciclo de processamento em 2025-07-02T17:31:13.2015005-03:00 ---
17:31:13.201 [Thread-1] INFO  com.gsmart.pipeline.DataPipeline - [ETAPA 1/3] Buscando dados da fonte...
17:31:18.755 [Thread-1] INFO  com.gsmart.pipeline.DataPipeline - --- Iniciando novo ciclo de processamento em 2025-07-02T17:31:18.7554999-03:00 ---
17:31:18.755 [Thread-1] INFO  com.gsmart.pipeline.DataPipeline - [ETAPA 1/3] Buscando dados da fonte...
17:31:24.263 [Thread-1] INFO  com.gsmart.pipeline.DataPipeline - --- Iniciando novo ciclo de processamento em 2025-07-02T17:31:24.263507-03:00 ---
17:31:24.263 [Thread-1] INFO  com.gsmart.pipeline.DataPipeline - [ETAPA 1/3] Buscando dados da fonte...
17:31:30.010 [Thread-1] INFO  com.gsmart.pipeline.DataPipeline - --- Iniciando novo ciclo de processamento em 2025-07-02T17:31:30.010508-03:00 ---
17:31:30.010 [Thread-1] INFO  com.gsmart.pipeline.DataPipeline - [ETAPA 1/3] Buscando dados da fonte...
17:31:35.513 [Thread-1] INFO  com.gsmart.pipeline.DataPipeline - --- Iniciando novo ciclo de processamento em 2025-07-02T17:31:35.5135005-03:00 ---
17:31:35.513 [Thread-1] INFO  com.gsmart.pipeline.DataPipeline - [ETAPA 1/3] Buscando dados da fonte...
17:31:41.039 [Thread-1] INFO  com.gsmart.pipeline.DataPipeline - --- Iniciando novo ciclo de processamento em 2025-07-02T17:31:41.0395061-03:00 ---
17:31:41.039 [Thread-1] INFO  com.gsmart.pipeline.DataPipeline - [ETAPA 1/3] Buscando dados da fonte...
17:31:46.669 [Thread-1] INFO  com.gsmart.pipeline.DataPipeline - --- Iniciando novo ciclo de processamento em 2025-07-02T17:31:46.6695032-03:00 ---
17:31:46.669 [Thread-1] INFO  com.gsmart.pipeline.DataPipeline - [ETAPA 1/3] Buscando dados da fonte...
17:31:52.938 [Thread-1] INFO  com.gsmart.pipeline.DataPipeline - --- Iniciando novo ciclo de processamento em 2025-07-02T17:31:52.9385013-03:00 ---
17:31:52.938 [Thread-1] INFO  com.gsmart.pipeline.DataPipeline - [ETAPA 1/3] Buscando dados da fonte...
17:31:58.442 [Thread-1] INFO  com.gsmart.pipeline.DataPipeline - --- Iniciando novo ciclo de processamento em 2025-07-02T17:31:58.4425115-03:00 ---
17:31:58.442 [Thread-1] INFO  com.gsmart.pipeline.DataPipeline - [ETAPA 1/3] Buscando dados da fonte...
17:32:04.027 [Thread-1] INFO  com.gsmart.pipeline.DataPipeline - --- Iniciando novo ciclo de processamento em 2025-07-02T17:32:04.0275074-03:00 ---
17:32:04.027 [Thread-1] INFO  com.gsmart.pipeline.DataPipeline - [ETAPA 1/3] Buscando dados da fonte...
17:32:05.662 [AWT-EventQueue-0] WARN  com.gsmart.pipeline.PipelineManager - Sinal de parada geral enviado pelo usuário para 1 monitores.
17:32:05.663 [AWT-EventQueue-0] INFO  com.gsmart.pipeline.DataPipeline - Comando de parada processado para a tarefa 'ThingsBoard (Device: 06e109e0-e8ff-11ee-bb8b-2563c61db9b0)'.
17:32:05.663 [Thread-1] WARN  com.gsmart.pipeline.DataPipeline - Sinal de interrupção recebido. Encerrando a pipeline...
17:32:05.664 [Thread-1] INFO  com.gsmart.pipeline.DataPipeline - Execução da pipeline para ThingsBoard (Device: 06e109e0-e8ff-11ee-bb8b-2563c61db9b0) finalizada.
17:32:05.664 [Thread-1] INFO  com.gsmart.pipeline.PipelineManager - Pipeline thread para 'ThingsBoard (Device: 06e109e0-e8ff-11ee-bb8b-2563c61db9b0)' foi finalizada.
17:32:06.528 [AWT-EventQueue-0] INFO  com.gsmart.GSmartGui - Salvando configurações antes de fechar...
17:32:06.529 [AWT-EventQueue-0] INFO  com.gsmart.config.ConfigManager - Configurações salvas com sucesso no arquivo 'gsmart.properties'.
17:36:43.834 [AWT-EventQueue-0] INFO  com.gsmart.GSmartGui - Carregando configurações salvas...
17:36:43.842 [AWT-EventQueue-0] INFO  com.gsmart.config.ConfigManager - Arquivo de configuração 'gsmart.properties' carregado com sucesso.
17:36:47.529 [SwingWorker-pool-1-thread-1] INFO  c.gsmart.sources.ThingsBoardSource - Autenticando no ThingsBoard em http://10.8.0.5:8080...
17:36:48.299 [SwingWorker-pool-1-thread-1] INFO  c.gsmart.sources.ThingsBoardSource - Autenticação bem-sucedida!
17:36:48.340 [SwingWorker-pool-1-thread-2] INFO  c.gsmart.sources.ThingsBoardSource - Autenticando no ThingsBoard em http://10.8.0.5:8080...
17:36:48.730 [SwingWorker-pool-1-thread-2] INFO  c.gsmart.sources.ThingsBoardSource - Autenticação bem-sucedida!
17:36:48.730 [SwingWorker-pool-1-thread-2] INFO  c.gsmart.sources.ThingsBoardSource - Buscando perfis de dispositivo...
17:36:48.848 [SwingWorker-pool-1-thread-2] INFO  c.gsmart.sources.ThingsBoardSource - Encontrados 2 perfis de dispositivo.
17:36:48.888 [SwingWorker-pool-1-thread-3] INFO  c.gsmart.sources.ThingsBoardSource - Autenticando no ThingsBoard em http://10.8.0.5:8080...
17:36:49.175 [SwingWorker-pool-1-thread-3] INFO  c.gsmart.sources.ThingsBoardSource - Autenticação bem-sucedida!
17:36:49.175 [SwingWorker-pool-1-thread-3] INFO  c.gsmart.sources.ThingsBoardSource - Buscando dispositivos para o perfil ID: fad253d0-e880-11ee-8358-1f8b80ee0580
17:36:49.282 [SwingWorker-pool-1-thread-3] INFO  c.gsmart.sources.ThingsBoardSource - Encontrados 7 dispositivos.
17:36:50.431 [SwingWorker-pool-1-thread-4] INFO  c.gsmart.sources.ThingsBoardSource - Autenticando no ThingsBoard em http://10.8.0.5:8080...
17:36:50.689 [SwingWorker-pool-1-thread-4] INFO  c.gsmart.sources.ThingsBoardSource - Autenticação bem-sucedida!
17:36:50.814 [AWT-EventQueue-0] INFO  com.gsmart.GSmartGui - Lógica de negócio temporariamente desativada por padrão.
17:36:54.884 [AWT-EventQueue-0] INFO  c.gsmart.sources.ThingsBoardSource - Autenticando no ThingsBoard em http://10.8.0.5:8080...
17:36:55.155 [AWT-EventQueue-0] INFO  c.gsmart.sources.ThingsBoardSource - Autenticação bem-sucedida!
17:36:55.161 [AWT-EventQueue-0] INFO  com.gsmart.pipeline.PipelineManager - Recebida ordem para lançar pipeline: ThingsBoard (Device: 06e109e0-e8ff-11ee-bb8b-2563c61db9b0)
17:36:55.189 [AWT-EventQueue-0] INFO  com.gsmart.pipeline.PipelineManager - Pipeline para 'ThingsBoard (Device: 06e109e0-e8ff-11ee-bb8b-2563c61db9b0)' iniciada em segundo plano.
17:36:55.189 [Thread-0] INFO  com.gsmart.pipeline.DataPipeline - 🚀 INICIANDO PIPELINE GENÉRICA COM FONTE: ThingsBoard (Device: 06e109e0-e8ff-11ee-bb8b-2563c61db9b0) 🚀
17:36:55.194 [Thread-0] INFO  com.gsmart.pipeline.DataPipeline - Execução da lógica de negócio: DESATIVADA
17:36:55.195 [Thread-0] INFO  com.gsmart.pipeline.DataPipeline - --- Iniciando novo ciclo de processamento em 2025-07-02T17:36:55.1945124-03:00 ---
17:36:55.195 [Thread-0] INFO  com.gsmart.pipeline.DataPipeline - [ETAPA 1/3] Buscando dados da fonte...
17:36:59.488 [AWT-EventQueue-0] INFO  com.gsmart.pipeline.DataPipeline - Comando de parada processado para a tarefa 'ThingsBoard (Device: 06e109e0-e8ff-11ee-bb8b-2563c61db9b0)'.
17:36:59.489 [Thread-0] WARN  com.gsmart.pipeline.DataPipeline - Sinal de interrupção recebido. Encerrando a pipeline...
17:36:59.489 [Thread-0] INFO  com.gsmart.pipeline.DataPipeline - Execução da pipeline para ThingsBoard (Device: 06e109e0-e8ff-11ee-bb8b-2563c61db9b0) finalizada.
17:36:59.489 [Thread-0] INFO  com.gsmart.pipeline.PipelineManager - Pipeline thread para 'ThingsBoard (Device: 06e109e0-e8ff-11ee-bb8b-2563c61db9b0)' foi finalizada.
17:37:01.874 [AWT-EventQueue-0] INFO  c.gsmart.sources.ThingsBoardSource - Autenticando no ThingsBoard em http://10.8.0.5:8080...
17:37:02.127 [AWT-EventQueue-0] INFO  c.gsmart.sources.ThingsBoardSource - Autenticação bem-sucedida!
17:37:02.128 [AWT-EventQueue-0] INFO  com.gsmart.pipeline.PipelineManager - Recebida ordem para lançar pipeline: ThingsBoard (Device: 06e109e0-e8ff-11ee-bb8b-2563c61db9b0)
17:37:02.129 [AWT-EventQueue-0] INFO  com.gsmart.pipeline.PipelineManager - Pipeline para 'ThingsBoard (Device: 06e109e0-e8ff-11ee-bb8b-2563c61db9b0)' iniciada em segundo plano.
17:37:02.129 [Thread-1] INFO  com.gsmart.pipeline.DataPipeline - 🚀 INICIANDO PIPELINE GENÉRICA COM FONTE: ThingsBoard (Device: 06e109e0-e8ff-11ee-bb8b-2563c61db9b0) 🚀
17:37:02.130 [Thread-1] INFO  com.gsmart.pipeline.DataPipeline - Execução da lógica de negócio: DESATIVADA
17:37:02.130 [Thread-1] INFO  com.gsmart.pipeline.DataPipeline - --- Iniciando novo ciclo de processamento em 2025-07-02T17:37:02.1305053-03:00 ---
17:37:02.130 [Thread-1] INFO  com.gsmart.pipeline.DataPipeline - [ETAPA 1/3] Buscando dados da fonte...
17:37:05.615 [AWT-EventQueue-0] WARN  com.gsmart.pipeline.PipelineManager - Sinal de parada geral enviado pelo usuário para 1 monitores.
17:37:05.616 [Thread-1] WARN  com.gsmart.pipeline.DataPipeline - Sinal de interrupção recebido. Encerrando a pipeline...
17:37:05.616 [Thread-1] INFO  com.gsmart.pipeline.DataPipeline - Execução da pipeline para ThingsBoard (Device: 06e109e0-e8ff-11ee-bb8b-2563c61db9b0) finalizada.
17:37:05.616 [Thread-1] INFO  com.gsmart.pipeline.PipelineManager - Pipeline thread para 'ThingsBoard (Device: 06e109e0-e8ff-11ee-bb8b-2563c61db9b0)' foi finalizada.
17:37:05.616 [AWT-EventQueue-0] INFO  com.gsmart.pipeline.DataPipeline - Comando de parada processado para a tarefa 'ThingsBoard (Device: 06e109e0-e8ff-11ee-bb8b-2563c61db9b0)'.
17:37:10.568 [AWT-EventQueue-0] INFO  c.gsmart.sources.ThingsBoardSource - Autenticando no ThingsBoard em http://10.8.0.5:8080...
17:37:10.836 [AWT-EventQueue-0] INFO  c.gsmart.sources.ThingsBoardSource - Autenticação bem-sucedida!
17:37:10.837 [AWT-EventQueue-0] INFO  com.gsmart.pipeline.PipelineManager - Recebida ordem para lançar pipeline: ThingsBoard (Device: 06e109e0-e8ff-11ee-bb8b-2563c61db9b0)
17:37:10.837 [AWT-EventQueue-0] INFO  com.gsmart.pipeline.PipelineManager - Pipeline para 'ThingsBoard (Device: 06e109e0-e8ff-11ee-bb8b-2563c61db9b0)' iniciada em segundo plano.
17:37:10.838 [Thread-2] INFO  com.gsmart.pipeline.DataPipeline - 🚀 INICIANDO PIPELINE GENÉRICA COM FONTE: ThingsBoard (Device: 06e109e0-e8ff-11ee-bb8b-2563c61db9b0) 🚀
17:37:10.838 [Thread-2] INFO  com.gsmart.pipeline.DataPipeline - Execução da lógica de negócio: DESATIVADA
17:37:10.839 [Thread-2] INFO  com.gsmart.pipeline.DataPipeline - --- Iniciando novo ciclo de processamento em 2025-07-02T17:37:10.8384999-03:00 ---
17:37:10.839 [Thread-2] INFO  com.gsmart.pipeline.DataPipeline - [ETAPA 1/3] Buscando dados da fonte...
17:37:16.351 [Thread-2] INFO  com.gsmart.pipeline.DataPipeline - --- Iniciando novo ciclo de processamento em 2025-07-02T17:37:16.3512224-03:00 ---
17:37:16.351 [Thread-2] INFO  com.gsmart.pipeline.DataPipeline - [ETAPA 1/3] Buscando dados da fonte...
17:37:21.862 [Thread-2] INFO  com.gsmart.pipeline.DataPipeline - --- Iniciando novo ciclo de processamento em 2025-07-02T17:37:21.8625002-03:00 ---
17:37:21.862 [Thread-2] INFO  com.gsmart.pipeline.DataPipeline - [ETAPA 1/3] Buscando dados da fonte...
17:37:27.747 [Thread-2] INFO  com.gsmart.pipeline.DataPipeline - --- Iniciando novo ciclo de processamento em 2025-07-02T17:37:27.7475034-03:00 ---
17:37:27.747 [Thread-2] INFO  com.gsmart.pipeline.DataPipeline - [ETAPA 1/3] Buscando dados da fonte...
17:37:33.376 [Thread-2] INFO  com.gsmart.pipeline.DataPipeline - --- Iniciando novo ciclo de processamento em 2025-07-02T17:37:33.3765118-03:00 ---
17:37:33.376 [Thread-2] INFO  com.gsmart.pipeline.DataPipeline - [ETAPA 1/3] Buscando dados da fonte...
17:37:38.901 [Thread-2] INFO  com.gsmart.pipeline.DataPipeline - --- Iniciando novo ciclo de processamento em 2025-07-02T17:37:38.9015082-03:00 ---
17:37:38.901 [Thread-2] INFO  com.gsmart.pipeline.DataPipeline - [ETAPA 1/3] Buscando dados da fonte...
17:37:44.395 [Thread-2] INFO  com.gsmart.pipeline.DataPipeline - --- Iniciando novo ciclo de processamento em 2025-07-02T17:37:44.3955007-03:00 ---
17:37:44.395 [Thread-2] INFO  com.gsmart.pipeline.DataPipeline - [ETAPA 1/3] Buscando dados da fonte...
17:37:49.899 [Thread-2] INFO  com.gsmart.pipeline.DataPipeline - --- Iniciando novo ciclo de processamento em 2025-07-02T17:37:49.8994991-03:00 ---
17:37:49.899 [Thread-2] INFO  com.gsmart.pipeline.DataPipeline - [ETAPA 1/3] Buscando dados da fonte...
17:37:55.437 [Thread-2] INFO  com.gsmart.pipeline.DataPipeline - --- Iniciando novo ciclo de processamento em 2025-07-02T17:37:55.437508-03:00 ---
17:37:55.437 [Thread-2] INFO  com.gsmart.pipeline.DataPipeline - [ETAPA 1/3] Buscando dados da fonte...
17:38:00.986 [Thread-2] INFO  com.gsmart.pipeline.DataPipeline - --- Iniciando novo ciclo de processamento em 2025-07-02T17:38:00.9865051-03:00 ---
17:38:00.987 [Thread-2] INFO  com.gsmart.pipeline.DataPipeline - [ETAPA 1/3] Buscando dados da fonte...
17:38:06.573 [Thread-2] INFO  com.gsmart.pipeline.DataPipeline - --- Iniciando novo ciclo de processamento em 2025-07-02T17:38:06.5735026-03:00 ---
17:38:06.573 [Thread-2] INFO  com.gsmart.pipeline.DataPipeline - [ETAPA 1/3] Buscando dados da fonte...
17:38:12.128 [Thread-2] INFO  com.gsmart.pipeline.DataPipeline - --- Iniciando novo ciclo de processamento em 2025-07-02T17:38:12.1285047-03:00 ---
17:38:12.128 [Thread-2] INFO  com.gsmart.pipeline.DataPipeline - [ETAPA 1/3] Buscando dados da fonte...
17:38:17.607 [Thread-2] INFO  com.gsmart.pipeline.DataPipeline - --- Iniciando novo ciclo de processamento em 2025-07-02T17:38:17.6075015-03:00 ---
17:38:17.607 [Thread-2] INFO  com.gsmart.pipeline.DataPipeline - [ETAPA 1/3] Buscando dados da fonte...
17:38:23.138 [Thread-2] INFO  com.gsmart.pipeline.DataPipeline - --- Iniciando novo ciclo de processamento em 2025-07-02T17:38:23.1385024-03:00 ---
17:38:23.138 [Thread-2] INFO  com.gsmart.pipeline.DataPipeline - [ETAPA 1/3] Buscando dados da fonte...
17:38:33.158 [Thread-2] ERROR com.gsmart.pipeline.DataPipeline - Falha na pipeline: Connect timed out
17:38:33.158 [Thread-2] INFO  c.gsmart.sources.ThingsBoardSource - Token de autenticação do ThingsBoard foi limpo devido a uma falha de conexão.
17:38:38.161 [Thread-2] INFO  com.gsmart.pipeline.DataPipeline - Tentando reconectar...
17:38:38.161 [Thread-2] INFO  c.gsmart.sources.ThingsBoardSource - Autenticando no ThingsBoard em http://10.8.0.5:8080...
17:38:48.168 [Thread-2] ERROR com.gsmart.pipeline.DataPipeline - Tentativa de reconexão falhou: Connect timed out
17:38:58.172 [Thread-2] INFO  com.gsmart.pipeline.DataPipeline - Tentando reconectar...
17:38:58.172 [Thread-2] INFO  c.gsmart.sources.ThingsBoardSource - Autenticando no ThingsBoard em http://10.8.0.5:8080...
17:39:08.175 [Thread-2] ERROR com.gsmart.pipeline.DataPipeline - Tentativa de reconexão falhou: Connect timed out
17:39:10.554 [Thread-2] WARN  com.gsmart.pipeline.DataPipeline - Sinal de interrupção recebido durante a reconexão. Encerrando a pipeline...
17:39:10.554 [Thread-2] INFO  com.gsmart.pipeline.DataPipeline - Execução da pipeline para ThingsBoard (Device: 06e109e0-e8ff-11ee-bb8b-2563c61db9b0) finalizada.
17:39:10.554 [Thread-2] INFO  com.gsmart.pipeline.PipelineManager - Pipeline thread para 'ThingsBoard (Device: 06e109e0-e8ff-11ee-bb8b-2563c61db9b0)' foi finalizada.
17:39:10.574 [AWT-EventQueue-0] INFO  com.gsmart.pipeline.DataPipeline - Comando de parada processado para a tarefa 'ThingsBoard (Device: 06e109e0-e8ff-11ee-bb8b-2563c61db9b0)'.
17:39:13.970 [AWT-EventQueue-0] INFO  c.gsmart.sources.ThingsBoardSource - Autenticando no ThingsBoard em http://10.8.0.5:8080...
17:39:23.972 [AWT-EventQueue-0] ERROR com.gsmart.GSmartGui - Falha ao preparar a pipeline: Connect timed out
java.net.SocketTimeoutException: Connect timed out
	at java.base/sun.nio.ch.NioSocketImpl.timedFinishConnect(NioSocketImpl.java:537)
	at java.base/sun.nio.ch.NioSocketImpl.connect(NioSocketImpl.java:583)
	at java.base/java.net.SocksSocketImpl.connect(SocksSocketImpl.java:282)
	at java.base/java.net.Socket.connect(Socket.java:665)
	at okhttp3.internal.platform.Platform.connectSocket(Platform.kt:128)
	at okhttp3.internal.connection.RealConnection.connectSocket(RealConnection.kt:295)
	at okhttp3.internal.connection.RealConnection.connect(RealConnection.kt:207)
	at okhttp3.internal.connection.ExchangeFinder.findConnection(ExchangeFinder.kt:226)
	at okhttp3.internal.connection.ExchangeFinder.findHealthyConnection(ExchangeFinder.kt:106)
	at okhttp3.internal.connection.ExchangeFinder.find(ExchangeFinder.kt:74)
	at okhttp3.internal.connection.RealCall.initExchange$okhttp(RealCall.kt:255)
	at okhttp3.internal.connection.ConnectInterceptor.intercept(ConnectInterceptor.kt:32)
	at okhttp3.internal.http.RealInterceptorChain.proceed(RealInterceptorChain.kt:109)
	at okhttp3.internal.cache.CacheInterceptor.intercept(CacheInterceptor.kt:95)
	at okhttp3.internal.http.RealInterceptorChain.proceed(RealInterceptorChain.kt:109)
	at okhttp3.internal.http.BridgeInterceptor.intercept(BridgeInterceptor.kt:83)
	at okhttp3.internal.http.RealInterceptorChain.proceed(RealInterceptorChain.kt:109)
	at okhttp3.internal.http.RetryAndFollowUpInterceptor.intercept(RetryAndFollowUpInterceptor.kt:76)
	at okhttp3.internal.http.RealInterceptorChain.proceed(RealInterceptorChain.kt:109)
	at okhttp3.internal.connection.RealCall.getResponseWithInterceptorChain$okhttp(RealCall.kt:201)
	at okhttp3.internal.connection.RealCall.execute(RealCall.kt:154)
	at com.gsmart.sources.ThingsBoardSource.ensureAuthenticated(ThingsBoardSource.java:61)
	at com.gsmart.sources.ThingsBoardSource.testConnectionAndThrow(ThingsBoardSource.java:148)
	at com.gsmart.GSmartGui.createSelectedDataSource(GSmartGui.java:455)
	at com.gsmart.GSmartGui.launchPipeline(GSmartGui.java:259)
	at com.gsmart.GSmartGui.lambda$new$6(GSmartGui.java:188)
	at java.desktop/javax.swing.AbstractButton.fireActionPerformed(AbstractButton.java:1972)
	at java.desktop/javax.swing.AbstractButton$Handler.actionPerformed(AbstractButton.java:2314)
	at java.desktop/javax.swing.DefaultButtonModel.fireActionPerformed(DefaultButtonModel.java:407)
	at java.desktop/javax.swing.DefaultButtonModel.setPressed(DefaultButtonModel.java:262)
	at java.desktop/javax.swing.plaf.basic.BasicButtonListener.mouseReleased(BasicButtonListener.java:279)
	at java.desktop/java.awt.Component.processMouseEvent(Component.java:6576)
	at java.desktop/javax.swing.JComponent.processMouseEvent(JComponent.java:3404)
	at java.desktop/java.awt.Component.processEvent(Component.java:6341)
	at java.desktop/java.awt.Container.processEvent(Container.java:2260)
	at java.desktop/java.awt.Component.dispatchEventImpl(Component.java:4958)
	at java.desktop/java.awt.Container.dispatchEventImpl(Container.java:2318)
	at java.desktop/java.awt.Component.dispatchEvent(Component.java:4790)
	at java.desktop/java.awt.LightweightDispatcher.retargetMouseEvent(Container.java:4916)
	at java.desktop/java.awt.LightweightDispatcher.processMouseEvent(Container.java:4559)
	at java.desktop/java.awt.LightweightDispatcher.dispatchEvent(Container.java:4500)
	at java.desktop/java.awt.Container.dispatchEventImpl(Container.java:2304)
	at java.desktop/java.awt.Window.dispatchEventImpl(Window.java:2671)
	at java.desktop/java.awt.Component.dispatchEvent(Component.java:4790)
	at java.desktop/java.awt.EventQueue.dispatchEventImpl(EventQueue.java:725)
	at java.desktop/java.awt.EventQueue.dispatchEvent(EventQueue.java:702)
	at java.desktop/java.awt.EventDispatchThread.pumpOneEventForFilters(EventDispatchThread.java:203)
	at java.desktop/java.awt.EventDispatchThread.pumpEventsForFilter(EventDispatchThread.java:124)
	at java.desktop/java.awt.EventDispatchThread.pumpEventsForHierarchy(EventDispatchThread.java:113)
	at java.desktop/java.awt.EventDispatchThread.pumpEvents(EventDispatchThread.java:109)
	at java.desktop/java.awt.EventDispatchThread.pumpEvents(EventDispatchThread.java:101)
	at java.desktop/java.awt.EventDispatchThread.run(EventDispatchThread.java:90)
17:39:39.140 [AWT-EventQueue-0] INFO  c.gsmart.sources.ThingsBoardSource - Autenticando no ThingsBoard em http://10.8.0.5:8080...
17:39:39.498 [AWT-EventQueue-0] INFO  c.gsmart.sources.ThingsBoardSource - Autenticação bem-sucedida!
17:39:39.498 [AWT-EventQueue-0] INFO  com.gsmart.pipeline.PipelineManager - Recebida ordem para lançar pipeline: ThingsBoard (Device: 06e109e0-e8ff-11ee-bb8b-2563c61db9b0)
17:39:39.499 [AWT-EventQueue-0] INFO  com.gsmart.pipeline.PipelineManager - Pipeline para 'ThingsBoard (Device: 06e109e0-e8ff-11ee-bb8b-2563c61db9b0)' iniciada em segundo plano.
17:39:39.500 [Thread-3] INFO  com.gsmart.pipeline.DataPipeline - 🚀 INICIANDO PIPELINE GENÉRICA COM FONTE: ThingsBoard (Device: 06e109e0-e8ff-11ee-bb8b-2563c61db9b0) 🚀
17:39:39.500 [Thread-3] INFO  com.gsmart.pipeline.DataPipeline - Execução da lógica de negócio: DESATIVADA
17:39:39.500 [Thread-3] INFO  com.gsmart.pipeline.DataPipeline - --- Iniciando novo ciclo de processamento em 2025-07-02T17:39:39.5005134-03:00 ---
17:39:39.500 [Thread-3] INFO  com.gsmart.pipeline.DataPipeline - [ETAPA 1/3] Buscando dados da fonte...
17:39:45.132 [Thread-3] INFO  com.gsmart.pipeline.DataPipeline - --- Iniciando novo ciclo de processamento em 2025-07-02T17:39:45.1323862-03:00 ---
17:39:45.132 [Thread-3] INFO  com.gsmart.pipeline.DataPipeline - [ETAPA 1/3] Buscando dados da fonte...
17:39:50.633 [Thread-3] INFO  com.gsmart.pipeline.DataPipeline - --- Iniciando novo ciclo de processamento em 2025-07-02T17:39:50.6333901-03:00 ---
17:39:50.633 [Thread-3] INFO  com.gsmart.pipeline.DataPipeline - [ETAPA 1/3] Buscando dados da fonte...
17:40:00.638 [Thread-3] ERROR com.gsmart.pipeline.DataPipeline - Falha na pipeline: Connect timed out
17:40:00.638 [Thread-3] INFO  c.gsmart.sources.ThingsBoardSource - Token de autenticação do ThingsBoard foi limpo devido a uma falha de conexão.
17:40:05.640 [Thread-3] INFO  com.gsmart.pipeline.DataPipeline - Tentando reconectar...
17:40:05.640 [Thread-3] INFO  c.gsmart.sources.ThingsBoardSource - Autenticando no ThingsBoard em http://10.8.0.5:8080...
17:40:15.643 [Thread-3] ERROR com.gsmart.pipeline.DataPipeline - Tentativa de reconexão falhou: Connect timed out
17:40:25.648 [Thread-3] INFO  com.gsmart.pipeline.DataPipeline - Tentando reconectar...
17:40:25.648 [Thread-3] INFO  c.gsmart.sources.ThingsBoardSource - Autenticando no ThingsBoard em http://10.8.0.5:8080...
17:40:35.650 [Thread-3] ERROR com.gsmart.pipeline.DataPipeline - Tentativa de reconexão falhou: Connect timed out
17:40:50.652 [Thread-3] INFO  com.gsmart.pipeline.DataPipeline - Tentando reconectar...
17:40:50.652 [Thread-3] INFO  c.gsmart.sources.ThingsBoardSource - Autenticando no ThingsBoard em http://10.8.0.5:8080...
17:40:51.338 [Thread-3] INFO  c.gsmart.sources.ThingsBoardSource - Autenticação bem-sucedida!
17:40:51.408 [Thread-3] INFO  com.gsmart.pipeline.DataPipeline - Conexão restaurada. Retomando operação normal.
17:40:51.409 [Thread-3] INFO  com.gsmart.pipeline.DataPipeline - --- Iniciando novo ciclo de processamento em 2025-07-02T17:40:51.4093805-03:00 ---
17:40:51.409 [Thread-3] INFO  com.gsmart.pipeline.DataPipeline - [ETAPA 1/3] Buscando dados da fonte...
17:40:57.031 [Thread-3] INFO  com.gsmart.pipeline.DataPipeline - --- Iniciando novo ciclo de processamento em 2025-07-02T17:40:57.0313923-03:00 ---
17:40:57.031 [Thread-3] INFO  com.gsmart.pipeline.DataPipeline - [ETAPA 1/3] Buscando dados da fonte...
17:41:02.535 [Thread-3] INFO  com.gsmart.pipeline.DataPipeline - --- Iniciando novo ciclo de processamento em 2025-07-02T17:41:02.5353759-03:00 ---
17:41:02.535 [Thread-3] INFO  com.gsmart.pipeline.DataPipeline - [ETAPA 1/3] Buscando dados da fonte...
17:41:08.039 [Thread-3] INFO  com.gsmart.pipeline.DataPipeline - --- Iniciando novo ciclo de processamento em 2025-07-02T17:41:08.0393756-03:00 ---
17:41:08.039 [Thread-3] INFO  com.gsmart.pipeline.DataPipeline - [ETAPA 1/3] Buscando dados da fonte...
17:41:13.565 [Thread-3] INFO  com.gsmart.pipeline.DataPipeline - --- Iniciando novo ciclo de processamento em 2025-07-02T17:41:13.5643789-03:00 ---
17:41:13.566 [Thread-3] INFO  com.gsmart.pipeline.DataPipeline - [ETAPA 1/3] Buscando dados da fonte...
17:41:19.116 [Thread-3] INFO  com.gsmart.pipeline.DataPipeline - --- Iniciando novo ciclo de processamento em 2025-07-02T17:41:19.1163838-03:00 ---
17:41:19.116 [Thread-3] INFO  com.gsmart.pipeline.DataPipeline - [ETAPA 1/3] Buscando dados da fonte...
17:41:24.600 [Thread-3] INFO  com.gsmart.pipeline.DataPipeline - --- Iniciando novo ciclo de processamento em 2025-07-02T17:41:24.6007012-03:00 ---
17:41:24.600 [Thread-3] INFO  com.gsmart.pipeline.DataPipeline - [ETAPA 1/3] Buscando dados da fonte...
17:41:30.217 [Thread-3] INFO  com.gsmart.pipeline.DataPipeline - --- Iniciando novo ciclo de processamento em 2025-07-02T17:41:30.2171364-03:00 ---
17:41:30.217 [Thread-3] INFO  com.gsmart.pipeline.DataPipeline - [ETAPA 1/3] Buscando dados da fonte...
17:41:35.739 [Thread-3] INFO  com.gsmart.pipeline.DataPipeline - --- Iniciando novo ciclo de processamento em 2025-07-02T17:41:35.7392377-03:00 ---
17:41:35.739 [Thread-3] INFO  com.gsmart.pipeline.DataPipeline - [ETAPA 1/3] Buscando dados da fonte...
17:41:41.258 [Thread-3] INFO  com.gsmart.pipeline.DataPipeline - --- Iniciando novo ciclo de processamento em 2025-07-02T17:41:41.2582299-03:00 ---
17:41:41.258 [Thread-3] INFO  com.gsmart.pipeline.DataPipeline - [ETAPA 1/3] Buscando dados da fonte...
17:41:46.839 [Thread-3] INFO  com.gsmart.pipeline.DataPipeline - --- Iniciando novo ciclo de processamento em 2025-07-02T17:41:46.8392362-03:00 ---
17:41:46.839 [Thread-3] INFO  com.gsmart.pipeline.DataPipeline - [ETAPA 1/3] Buscando dados da fonte...
17:41:52.356 [Thread-3] INFO  com.gsmart.pipeline.DataPipeline - --- Iniciando novo ciclo de processamento em 2025-07-02T17:41:52.3552356-03:00 ---
17:41:52.356 [Thread-3] INFO  com.gsmart.pipeline.DataPipeline - [ETAPA 1/3] Buscando dados da fonte...
17:41:57.876 [Thread-3] INFO  com.gsmart.pipeline.DataPipeline - --- Iniciando novo ciclo de processamento em 2025-07-02T17:41:57.8762285-03:00 ---
17:41:57.876 [Thread-3] INFO  com.gsmart.pipeline.DataPipeline - [ETAPA 1/3] Buscando dados da fonte...
17:42:03.846 [Thread-3] INFO  com.gsmart.pipeline.DataPipeline - --- Iniciando novo ciclo de processamento em 2025-07-02T17:42:03.8462294-03:00 ---
17:42:03.846 [Thread-3] INFO  com.gsmart.pipeline.DataPipeline - [ETAPA 1/3] Buscando dados da fonte...
17:42:09.425 [Thread-3] INFO  com.gsmart.pipeline.DataPipeline - --- Iniciando novo ciclo de processamento em 2025-07-02T17:42:09.4252363-03:00 ---
17:42:09.425 [Thread-3] INFO  com.gsmart.pipeline.DataPipeline - [ETAPA 1/3] Buscando dados da fonte...
17:42:14.993 [Thread-3] INFO  com.gsmart.pipeline.DataPipeline - --- Iniciando novo ciclo de processamento em 2025-07-02T17:42:14.9932522-03:00 ---
17:42:14.993 [Thread-3] INFO  com.gsmart.pipeline.DataPipeline - [ETAPA 1/3] Buscando dados da fonte...
17:42:20.584 [Thread-3] INFO  com.gsmart.pipeline.DataPipeline - --- Iniciando novo ciclo de processamento em 2025-07-02T17:42:20.5842357-03:00 ---
17:42:20.584 [Thread-3] INFO  com.gsmart.pipeline.DataPipeline - [ETAPA 1/3] Buscando dados da fonte...
17:42:26.085 [Thread-3] INFO  com.gsmart.pipeline.DataPipeline - --- Iniciando novo ciclo de processamento em 2025-07-02T17:42:26.0852408-03:00 ---
17:42:26.085 [Thread-3] INFO  com.gsmart.pipeline.DataPipeline - [ETAPA 1/3] Buscando dados da fonte...
17:42:31.627 [Thread-3] INFO  com.gsmart.pipeline.DataPipeline - --- Iniciando novo ciclo de processamento em 2025-07-02T17:42:31.627245-03:00 ---
17:42:31.627 [Thread-3] INFO  com.gsmart.pipeline.DataPipeline - [ETAPA 1/3] Buscando dados da fonte...
17:42:37.437 [Thread-3] INFO  com.gsmart.pipeline.DataPipeline - --- Iniciando novo ciclo de processamento em 2025-07-02T17:42:37.4372318-03:00 ---
17:42:37.437 [Thread-3] INFO  com.gsmart.pipeline.DataPipeline - [ETAPA 1/3] Buscando dados da fonte...
17:42:42.937 [Thread-3] INFO  com.gsmart.pipeline.DataPipeline - --- Iniciando novo ciclo de processamento em 2025-07-02T17:42:42.9372297-03:00 ---
17:42:42.937 [Thread-3] INFO  com.gsmart.pipeline.DataPipeline - [ETAPA 1/3] Buscando dados da fonte...
17:42:48.469 [Thread-3] INFO  com.gsmart.pipeline.DataPipeline - --- Iniciando novo ciclo de processamento em 2025-07-02T17:42:48.4692443-03:00 ---
17:42:48.469 [Thread-3] INFO  com.gsmart.pipeline.DataPipeline - [ETAPA 1/3] Buscando dados da fonte...
17:50:48.473 [AWT-EventQueue-0] INFO  com.gsmart.GSmartGui - Carregando configurações salvas...
17:50:48.483 [AWT-EventQueue-0] INFO  com.gsmart.config.ConfigManager - Arquivo de configuração 'gsmart.properties' carregado com sucesso.
17:51:29.505 [SwingWorker-pool-1-thread-1] INFO  c.gsmart.sources.ThingsBoardSource - Autenticando no ThingsBoard em http://10.8.0.5:8080...
17:51:30.233 [SwingWorker-pool-1-thread-1] INFO  c.gsmart.sources.ThingsBoardSource - Autenticação bem-sucedida!
17:51:30.274 [SwingWorker-pool-1-thread-2] INFO  c.gsmart.sources.ThingsBoardSource - Autenticando no ThingsBoard em http://10.8.0.5:8080...
17:51:30.538 [SwingWorker-pool-1-thread-2] INFO  c.gsmart.sources.ThingsBoardSource - Autenticação bem-sucedida!
17:51:30.539 [SwingWorker-pool-1-thread-2] INFO  c.gsmart.sources.ThingsBoardSource - Buscando perfis de dispositivo...
17:51:30.630 [SwingWorker-pool-1-thread-2] INFO  c.gsmart.sources.ThingsBoardSource - Encontrados 2 perfis de dispositivo.
17:51:30.672 [SwingWorker-pool-1-thread-3] INFO  c.gsmart.sources.ThingsBoardSource - Autenticando no ThingsBoard em http://10.8.0.5:8080...
17:51:30.916 [SwingWorker-pool-1-thread-3] INFO  c.gsmart.sources.ThingsBoardSource - Autenticação bem-sucedida!
17:51:30.916 [SwingWorker-pool-1-thread-3] INFO  c.gsmart.sources.ThingsBoardSource - Buscando dispositivos para o perfil ID: fad253d0-e880-11ee-8358-1f8b80ee0580
17:51:30.990 [SwingWorker-pool-1-thread-3] INFO  c.gsmart.sources.ThingsBoardSource - Encontrados 7 dispositivos.
17:51:36.896 [SwingWorker-pool-1-thread-4] INFO  c.gsmart.sources.ThingsBoardSource - Autenticando no ThingsBoard em http://10.8.0.5:8080...
17:51:37.141 [SwingWorker-pool-1-thread-4] INFO  c.gsmart.sources.ThingsBoardSource - Autenticação bem-sucedida!
17:51:37.245 [AWT-EventQueue-0] INFO  com.gsmart.GSmartGui - Lógica de negócio temporariamente desativada por padrão.
17:52:26.831 [AWT-EventQueue-0] INFO  c.gsmart.sources.ThingsBoardSource - Autenticando no ThingsBoard em http://10.8.0.5:8080...
17:52:27.079 [AWT-EventQueue-0] INFO  c.gsmart.sources.ThingsBoardSource - Autenticação bem-sucedida!
17:52:27.083 [AWT-EventQueue-0] INFO  com.gsmart.pipeline.PipelineManager - Recebida ordem para lançar pipeline: ThingsBoard (Device: 06e109e0-e8ff-11ee-bb8b-2563c61db9b0)
17:52:27.109 [AWT-EventQueue-0] INFO  com.gsmart.pipeline.PipelineManager - Pipeline para 'ThingsBoard (Device: 06e109e0-e8ff-11ee-bb8b-2563c61db9b0)' iniciada em segundo plano.
17:52:27.110 [Thread-0] INFO  com.gsmart.pipeline.DataPipeline - 🚀 INICIANDO PIPELINE GENÉRICA COM FONTE: ThingsBoard (Device: 06e109e0-e8ff-11ee-bb8b-2563c61db9b0) 🚀
17:52:27.112 [Thread-0] INFO  com.gsmart.pipeline.DataPipeline - Execução da lógica de negócio: DESATIVADA
17:52:27.113 [Thread-0] INFO  com.gsmart.pipeline.DataPipeline - --- Iniciando novo ciclo de processamento em 2025-07-02T17:52:27.1129897-03:00 ---
17:52:27.113 [Thread-0] INFO  com.gsmart.pipeline.DataPipeline - [ETAPA 1/3] Buscando dados da fonte...
17:52:33.911 [Thread-0] INFO  com.gsmart.pipeline.DataPipeline - --- Iniciando novo ciclo de processamento em 2025-07-02T17:52:33.9119816-03:00 ---
17:52:33.911 [Thread-0] INFO  com.gsmart.pipeline.DataPipeline - [ETAPA 1/3] Buscando dados da fonte...
17:52:38.105 [AWT-EventQueue-0] INFO  com.gsmart.pipeline.PipelineManager - Criando/Recriando janela de monitoramento para: ThingsBoard (Device: 06e109e0-e8ff-11ee-bb8b-2563c61db9b0)
17:52:39.379 [Thread-0] INFO  com.gsmart.pipeline.DataPipeline - --- Iniciando novo ciclo de processamento em 2025-07-02T17:52:39.3799822-03:00 ---
17:52:39.381 [Thread-0] INFO  com.gsmart.pipeline.DataPipeline - [ETAPA 1/3] Buscando dados da fonte...
17:52:41.481 [AWT-EventQueue-0] INFO  com.gsmart.windows.MonitoringWindow - Janela de monitoramento 'Monitor: ThingsBoard (Device: 06e109e0-e8ff-11ee-bb8b-2563c61db9b0)' fechada pelo usuário via 'X'.
17:52:49.401 [Thread-0] ERROR com.gsmart.pipeline.DataPipeline - Falha na pipeline: Connect timed out
17:52:49.401 [Thread-0] INFO  c.gsmart.sources.ThingsBoardSource - Token de autenticação do ThingsBoard foi limpo devido a uma falha de conexão.
17:52:54.404 [Thread-0] INFO  com.gsmart.pipeline.DataPipeline - Tentando reconectar...
17:52:54.404 [Thread-0] INFO  c.gsmart.sources.ThingsBoardSource - Autenticando no ThingsBoard em http://10.8.0.5:8080...
17:53:04.412 [Thread-0] ERROR com.gsmart.pipeline.DataPipeline - Tentativa de reconexão falhou: Connect timed out
17:53:14.416 [Thread-0] INFO  com.gsmart.pipeline.DataPipeline - Tentando reconectar...
17:53:14.416 [Thread-0] INFO  c.gsmart.sources.ThingsBoardSource - Autenticando no ThingsBoard em http://10.8.0.5:8080...
17:53:14.714 [Thread-0] INFO  c.gsmart.sources.ThingsBoardSource - Autenticação bem-sucedida!
17:53:14.786 [Thread-0] INFO  com.gsmart.pipeline.DataPipeline - Conexão restaurada. Retomando operação normal.
17:53:14.786 [Thread-0] INFO  com.gsmart.pipeline.DataPipeline - --- Iniciando novo ciclo de processamento em 2025-07-02T17:53:14.7860647-03:00 ---
17:53:14.786 [Thread-0] INFO  com.gsmart.pipeline.DataPipeline - [ETAPA 1/3] Buscando dados da fonte...
17:53:20.542 [Thread-0] INFO  com.gsmart.pipeline.DataPipeline - --- Iniciando novo ciclo de processamento em 2025-07-02T17:53:20.5426786-03:00 ---
17:53:20.542 [Thread-0] INFO  com.gsmart.pipeline.DataPipeline - [ETAPA 1/3] Buscando dados da fonte...
17:53:25.965 [Thread-0] INFO  com.gsmart.pipeline.DataPipeline - --- Iniciando novo ciclo de processamento em 2025-07-02T17:53:25.965856-03:00 ---
17:53:25.965 [Thread-0] INFO  com.gsmart.pipeline.DataPipeline - [ETAPA 1/3] Buscando dados da fonte...
17:53:31.374 [Thread-0] INFO  com.gsmart.pipeline.DataPipeline - --- Iniciando novo ciclo de processamento em 2025-07-02T17:53:31.3748564-03:00 ---
17:53:31.374 [Thread-0] INFO  com.gsmart.pipeline.DataPipeline - [ETAPA 1/3] Buscando dados da fonte...
17:53:36.792 [Thread-0] INFO  com.gsmart.pipeline.DataPipeline - --- Iniciando novo ciclo de processamento em 2025-07-02T17:53:36.7928573-03:00 ---
17:53:36.792 [Thread-0] INFO  com.gsmart.pipeline.DataPipeline - [ETAPA 1/3] Buscando dados da fonte...
17:53:42.270 [Thread-0] INFO  com.gsmart.pipeline.DataPipeline - --- Iniciando novo ciclo de processamento em 2025-07-02T17:53:42.2706288-03:00 ---
17:53:42.270 [Thread-0] INFO  com.gsmart.pipeline.DataPipeline - [ETAPA 1/3] Buscando dados da fonte...
17:53:47.676 [Thread-0] INFO  com.gsmart.pipeline.DataPipeline - --- Iniciando novo ciclo de processamento em 2025-07-02T17:53:47.6768632-03:00 ---
17:53:47.676 [Thread-0] INFO  com.gsmart.pipeline.DataPipeline - [ETAPA 1/3] Buscando dados da fonte...
17:53:53.207 [Thread-0] INFO  com.gsmart.pipeline.DataPipeline - --- Iniciando novo ciclo de processamento em 2025-07-02T17:53:53.2078633-03:00 ---
17:53:53.207 [Thread-0] INFO  com.gsmart.pipeline.DataPipeline - [ETAPA 1/3] Buscando dados da fonte...
17:53:58.641 [Thread-0] INFO  com.gsmart.pipeline.DataPipeline - --- Iniciando novo ciclo de processamento em 2025-07-02T17:53:58.6418661-03:00 ---
17:53:58.641 [Thread-0] INFO  com.gsmart.pipeline.DataPipeline - [ETAPA 1/3] Buscando dados da fonte...
17:54:01.895 [AWT-EventQueue-0] WARN  com.gsmart.pipeline.PipelineManager - Sinal de parada geral enviado pelo usuário para 1 monitores.
17:54:01.896 [Thread-0] WARN  com.gsmart.pipeline.DataPipeline - Sinal de interrupção recebido. Encerrando a pipeline...
17:54:01.896 [Thread-0] INFO  com.gsmart.pipeline.DataPipeline - Execução da pipeline para ThingsBoard (Device: 06e109e0-e8ff-11ee-bb8b-2563c61db9b0) finalizada.
17:54:01.896 [AWT-EventQueue-0] INFO  com.gsmart.pipeline.DataPipeline - Comando de parada processado para a tarefa 'ThingsBoard (Device: 06e109e0-e8ff-11ee-bb8b-2563c61db9b0)'.
17:54:01.896 [Thread-0] INFO  com.gsmart.pipeline.PipelineManager - Pipeline thread para 'ThingsBoard (Device: 06e109e0-e8ff-11ee-bb8b-2563c61db9b0)' foi finalizada.
17:54:03.066 [AWT-EventQueue-0] INFO  com.gsmart.GSmartGui - Salvando configurações antes de fechar...
17:54:03.067 [AWT-EventQueue-0] INFO  com.gsmart.config.ConfigManager - Configurações salvas com sucesso no arquivo 'gsmart.properties'.
